PID,Player_Name,No_of_seasons_played,Innings_played,Balls_Faced,Runs_Scored,Batting_Average,Batting_SR,No_Half_Centuries,No_Centuries,NO_Ducks,Highest_Score,No_of_Fours,No_of_Sixes,Balls_Bowled,Runs_Given,Wickets_taken,Bowling_Average,Bowling_Economy,Bowling_SR,No_3W_Haul,No_5W_Haul,No_Dissmisals,no_not_outs,Innings_bowled
90001,Ashish Reddy,8,23,193,280,18.67,145.08,0,0,0,36,16,15,262,400,18,22.22,9.16,14.56,1,0,15,8,20
90002,Ayush Badoni,3,11,130,161,20.13,123.85,1,0,1,54,11,7,12,12,2,6,6,6,0,0,8,3,2
90003,Ajit Chandila,3,2,7,4,4,57.14,0,0,1,4,0,0,234,245,11,22.27,6.28,21.27,1,0,0,2,12
90004,Aakash Chopra,4,6,71,53,10.6,74.65,0,0,0,24,7,0,0,0,0,0,0,0,0,0,5,1,0
90005,Aniket Choudhary,3,3,20,25,25,125,0,0,0,15,1,1,101,144,5,28.8,8.55,20.2,0,0,1,2,5
90006,Akila Dananjaya,2,1,5,4,4,80,0,0,0,4,0,0,24,47,0,47,11.75,24,0,0,0,1,1
90007,Andrew Flintoff,1,3,53,62,31,116.98,0,0,0,24,5,2,66,106,2,53,9.64,33,0,0,2,1,3
90008,Anil Kumble,3,15,47,35,17.5,74.47,0,0,1,8,3,0,965,1089,45,24.2,6.77,21.44,4,1,2,13,42
90009,Abhinav Manohar,0,7,75,108,18,144,0,0,1,43,14,3,0,0,0,0,0,0,0,0,6,1,0
90010,Amit Mishra,16,54,387,362,13.41,93.54,0,0,8,31,29,5,3245,4022,166,24.23,7.44,19.55,16,1,27,27,154
90011,Abhimanyu Mithun,9,6,26,34,6.8,130.77,0,0,1,11,4,1,288,477,7,68.14,9.94,41.14,0,0,5,1,16
90012,Abhinav Mukund,6,2,22,19,9.5,86.36,0,0,1,19,1,0,0,0,0,0,0,0,0,0,2,0,0
90013,Ashish Nehra,10,17,60,41,6.83,68.33,0,0,7,22,3,1,1908,2537,106,23.93,7.98,18,14,0,6,11,88
90014,André Nel,1,0,0,0,0,0,0,0,0,0,0,0,18,31,1,31,10.33,18,0,0,0,0,1
90015,Anrich Nortje,4,4,12,8,8,66.67,0,0,0,3,0,0,682,946,43,22,8.32,15.86,3,0,1,3,30
90016,Anureet Singh,6,5,9,2,0.5,22.22,0,0,3,1,0,0,473,639,28,22.82,8.11,16.89,3,0,4,1,23
90017,Andrew Symonds,4,36,745,974,40.58,130.74,6,1,0,117,74,41,527,694,20,34.7,7.9,26.35,1,0,24,12,30
90018,Avijeet Tomar,1,1,8,4,4,50,0,0,0,4,1,0,0,0,0,0,0,0,0,0,1,0,0
90019,Amit Uniyal,4,2,7,4,4,57.14,0,0,1,4,0,0,36,67,2,33.5,11.17,18,0,0,1,1,2
90020,Adam Zampa,4,2,8,5,2.5,62.5,0,0,1,5,1,0,287,373,21,17.76,7.8,13.67,1,1,2,0,14
90021,Azhar Bilakhia,2,7,84,69,13.8,82.14,0,0,0,22,5,0,0,0,0,0,0,0,0,0,5,2,0
90022,Ankeet Chavan,4,3,11,12,12,109.09,0,0,0,7,2,0,248,339,8,42.38,8.2,31,0,0,1,2,13
90023,Abhishek Jhunjhunwala,5,15,209,217,18.08,103.83,1,0,1,53,19,5,85,130,1,130,9.18,85,0,0,12,3,10
90024,Abrar Kazi,1,0,0,0,0,0,0,0,0,0,0,0,12,21,0,21,10.5,12,0,0,0,0,1
90025,Ashley Noffke,1,1,10,9,9,90,0,0,0,9,1,0,24,41,1,41,10.25,24,0,0,1,0,1
90026,Ajit Agarkar,6,18,151,179,22.38,118.54,0,0,0,39,13,5,782,1174,29,40.48,9.01,26.97,1,0,8,10,42
90027,Adrian Barath,1,3,42,42,21,100,0,0,0,33,5,1,0,0,0,0,0,0,0,0,2,1,0
90028,AB de Villiers,14,170,3400,5181,42.47,152.38,44,3,10,133,414,253,0,0,0,0,0,0,0,0,122,48,0
90029,Ashok Dinda,10,16,48,26,2.89,54.17,0,0,6,7,2,0,1516,2103,69,30.48,8.32,21.97,5,0,9,7,75
90030,Andrew McDonald,5,9,100,123,24.6,123,0,0,1,33,9,4,186,263,11,23.91,8.48,16.91,0,0,5,4,10
90031,Abdul Samad,3,19,161,228,14.25,141.61,0,0,2,33,12,14,54,113,2,56.5,12.56,27,0,0,16,3,5
90032,Abdur Razzak,1,1,2,0,0,0,0,0,1,0,0,0,12,29,0,29,14.5,12,0,0,0,1,1
90033,Abhishek Sharma,5,34,492,667,23.82,135.57,2,0,1,75,64,25,156,218,7,31.14,8.38,22.29,0,0,28,6,17
90034,Aiden Blizzard,4,7,90,120,17.14,133.33,1,0,1,51,21,2,0,0,0,0,0,0,0,0,7,0,0
90035,Adam Gilchrist,6,80,1483,2069,27.59,139.51,13,2,7,109,239,92,1,0,1,0,0,1,0,0,75,5,1
90036,Alfonso Thomas,2,4,19,20,10,105.26,0,0,1,12,1,1,315,416,14,29.71,7.92,22.5,1,0,2,2,15
90037,Adam Voges,1,7,143,181,45.25,126.57,0,0,0,45,15,3,54,76,0,76,8.44,54,0,0,4,3,7
90038,Alex Hales,5,6,117,148,24.67,126.5,0,0,0,45,13,6,0,0,0,0,0,0,0,0,6,0,0
90039,Dimitri Mascarenhas,6,11,78,79,8.78,101.28,0,0,2,27,5,1,308,365,19,19.21,7.11,16.21,1,1,9,2,13
90040,Angelo Mathews,7,41,573,724,25.86,126.35,1,0,2,65,44,29,791,1095,27,40.56,8.31,29.3,2,0,28,13,44
90041,Akshdeep Nath,6,10,98,90,9,91.84,0,0,1,24,7,2,0,0,0,0,0,0,0,0,10,0,0
90042,Andre Russell,11,81,1135,2039,31.86,179.65,10,0,4,88,138,175,1430,2214,89,24.88,9.29,16.07,9,1,64,17,89
90043,Adam Milne,7,6,29,23,5.75,79.31,0,0,2,15,0,1,207,339,7,48.43,9.83,29.57,0,0,4,2,10
90044,Ali Murtaza,7,3,14,10,10,71.43,0,0,0,5,1,0,264,322,9,35.78,7.32,29.33,1,0,1,2,12
90045,Amit Paunikar,4,5,55,49,9.8,89.09,0,0,1,20,9,0,0,0,0,0,0,0,0,0,5,0,0
90046,Aaron Finch,10,90,1626,2092,25.51,128.66,15,0,7,88,214,78,43,67,1,67,9.35,43,0,0,82,8,5
90047,Ashton Turner,1,4,10,3,1,30,0,0,3,3,0,0,0,0,0,0,0,0,0,0,3,1,0
90048,Andrew Tye,8,13,75,91,11.38,121.33,0,0,3,25,6,5,685,1005,42,23.93,8.8,16.31,4,1,8,5,30
90049,Aiden Markram,0,18,392,527,40.54,134.44,3,0,0,68,37,23,60,87,1,87,8.7,60,0,0,13,5,6
90050,Akash Deep,2,1,2,0,0,0,0,0,1,0,0,0,113,206,5,41.2,10.94,22.6,1,0,1,0,5
90051,Akash Singh,2,0,0,0,0,0,0,0,0,0,0,0,24,39,0,39,9.75,24,0,0,0,0,1
90052,Ashok Menaria,4,23,354,401,19.1,113.28,0,0,1,40,24,18,110,144,3,48,7.85,36.67,0,0,21,2,12
90053,Abhishek Nayar,8,50,573,672,18.67,117.28,0,0,4,45,55,20,229,323,9,35.89,8.46,25.44,1,0,36,14,19
90054,Ajinkya Rahane,15,148,3372,4074,32.08,120.82,30,2,13,105,431,80,6,5,1,5,5,6,0,0,127,21,1
90055,Aavishkar Salvi,5,0,0,0,0,0,0,0,0,0,0,0,150,205,7,29.29,8.2,21.43,0,0,0,0,7
90056,Aman Hakim Khan,1,1,3,5,5,166.67,0,0,0,5,1,0,6,13,0,13,13,6,0,0,1,0,1
90057,Abu Nechim Ahmed,8,6,26,36,36,138.46,0,0,0,18,4,1,344,515,12,42.92,8.98,28.67,0,0,1,5,17
90058,Arindam Ghosh,1,2,8,7,3.5,87.5,0,0,1,7,1,0,0,0,0,0,0,0,0,0,2,0,0
90059,Anand Rajan,3,0,0,0,0,0,0,0,0,0,0,0,149,206,8,25.75,8.3,18.63,1,0,0,0,8
90060,Anirudh Singh,1,4,66,63,15.75,95.45,0,0,1,40,6,1,0,0,0,0,0,0,0,0,4,0,0
90061,Ankit Sharma,9,10,67,87,12.43,129.85,0,0,1,30,7,4,367,453,12,37.75,7.41,30.58,0,0,7,3,21
90062,Ankit Soni,1,3,9,7,3.5,77.78,0,0,2,7,0,1,109,145,2,72.5,7.98,54.5,0,0,2,1,6
90063,Anmolpreet Singh,4,3,27,29,9.67,107.41,0,0,0,16,3,1,0,0,0,0,0,0,0,0,3,0,0
90064,Anuj Rawat,3,9,119,129,16.13,108.4,1,0,4,66,10,7,0,0,0,0,0,0,0,0,8,1,0
90065,Anureet Singh,0,8,47,36,9,76.6,0,0,4,15,2,1,412,636,18,35.33,9.26,22.89,1,0,4,4,22
90066,Aditya Dole,5,2,22,34,17,154.55,0,0,0,30,3,1,66,114,5,22.8,10.36,13.2,0,0,2,0,3
90067,Anustup Majumdar,2,4,76,87,21.75,114.47,0,0,0,31,7,2,0,0,0,0,0,0,0,0,4,0,0
90068,Aditya Tare,12,27,272,339,14.13,124.63,1,0,5,59,40,11,0,0,0,0,0,0,0,0,24,3,0
90069,Ankit Bawne,2,1,12,12,12,100,0,0,0,12,1,0,0,0,0,0,0,0,0,0,0,1,0
90070,Axar Patel,10,87,879,1135,20.27,129.12,0,0,6,44,67,54,2559,3140,101,31.09,7.36,25.34,4,0,56,31,121
90071,Arshdeep Singh,4,9,35,23,5.75,65.71,0,0,4,10,3,0,757,1086,40,27.15,8.61,18.93,4,1,4,5,37
90072,Alzarri Joseph,2,4,20,20,20,100,0,0,1,15,2,0,232,358,13,27.54,9.26,17.85,0,1,1,3,12
90073,Ankit Rajpoot,10,7,41,26,6.5,63.41,0,0,0,8,2,1,530,844,24,35.17,9.55,22.08,1,1,4,3,29
90074,Abhishek Raut,6,16,167,194,21.56,116.17,0,0,1,36,13,7,30,45,0,45,9,30,0,0,9,7,5
90075,Anukul Roy,5,1,2,0,0,0,0,0,1,0,0,0,54,66,2,33,7.33,27,0,0,1,0,3
90076,Arjun Yadav,5,6,39,49,9.8,125.64,0,0,1,16,5,2,0,0,0,0,0,0,0,0,5,1,0
90077,Alex Carey,1,3,29,32,16,110.34,0,0,0,14,0,1,0,0,0,0,0,0,0,0,2,1,0
90078,Ambati Rayudu,13,173,3278,4190,30.36,127.82,23,1,12,100,349,164,0,0,0,0,0,0,0,0,138,35,0
90079,Adil Rashid,0,0,0,0,0,0,0,0,0,0,0,0,18,35,0,35,11.67,18,0,0,0,0,1
90080,Asad Pathan,2,7,23,39,7.8,169.57,0,0,2,14,5,2,39,63,0,63,9.69,39,0,0,5,2,3
90081,Avesh Khan,6,6,19,31,31,163.16,0,0,0,12,2,3,832,1190,47,25.32,8.58,17.7,7,0,1,5,38
90082,Azhar Mahmood,0,21,303,388,20.42,128.05,2,0,2,80,39,13,537,707,29,24.38,7.9,18.52,4,0,19,2,23
90083,Balachandra Akhil,4,11,55,76,15.2,138.18,0,0,2,27,5,5,188,246,6,41,7.85,31.33,0,0,5,6,13
90084,Bharat Chipli,5,21,250,280,18.67,112,1,0,0,61,28,7,6,20,0,20,20,6,0,0,15,6,1
90085,Brett Geeves,1,0,0,0,0,0,0,0,0,0,0,0,48,91,1,91,11.38,48,0,0,0,0,2
90086,Baba Indrajith,1,3,30,21,7,70,0,0,1,15,2,0,0,0,0,0,0,0,0,0,3,0,0
90087,Bhuvneshwar Kumar,14,55,249,241,9.27,96.79,0,0,7,24,23,3,3262,4064,154,26.39,7.48,21.18,12,1,26,29,146
90088,Ben Laughlin,3,4,13,5,2.5,38.46,0,0,2,4,0,0,168,284,10,28.4,10.14,16.8,0,0,2,2,9
90089,Brett Lee,6,19,96,124,13.78,129.17,0,0,2,25,8,8,875,1126,25,45.04,7.72,35,1,0,9,10,38
90090,B Sai Sudharshan,1,5,113,145,36.25,128.32,1,0,0,65,14,3,0,0,0,0,0,0,0,0,4,1,0
90091,Billy Stanlake,4,1,2,5,5,250,0,0,0,5,1,0,144,200,7,28.57,8.33,20.57,0,0,0,1,6
90092,Bodapati Sumanth,1,4,37,35,35,94.59,0,0,0,16,3,0,0,0,0,0,0,0,0,0,1,3,0
90093,Bhargav Bhatt,3,2,7,6,6,85.71,0,0,1,6,0,1,296,408,12,34,8.27,24.67,1,0,0,2,15
90094,Ben Stokes,5,41,681,920,25.56,135.1,4,2,3,107,79,32,683,1005,28,35.89,8.83,24.39,3,0,36,5,37
90095,Basil Thampi,6,7,35,32,32,91.43,0,0,1,13,1,1,521,862,22,39.18,9.93,23.68,2,0,1,6,25
90096,Ajantha Mendis,4,3,6,3,1.5,50,0,0,1,2,0,0,244,306,8,38.25,7.52,30.5,0,0,2,1,10
90097,Brendon McCullum,11,109,2176,2882,28.25,132.44,15,2,6,158,293,130,0,0,0,0,0,0,0,0,102,7,0
90098,Biplab Samantray,2,8,113,125,25,110.62,1,0,1,55,13,2,0,0,0,0,0,0,0,0,5,3,0
90099,Barinder Sran,8,7,13,10,10,76.92,0,0,1,3,0,0,483,767,18,42.61,9.53,26.83,1,0,1,6,24
90100,Ben Cutting,8,17,141,238,23.8,168.79,0,0,1,39,15,19,281,430,10,43,9.18,28.1,0,0,10,7,17
90101,Beuran Hendricks,3,2,3,1,1,33.33,0,0,1,1,0,0,150,239,9,26.56,9.56,16.67,1,0,1,1,7
90102,Bipul Sharma,8,17,123,187,31.17,152.03,0,0,0,35,11,9,426,581,17,34.18,8.18,25.06,0,0,6,11,28
90103,Brad Haddin,3,1,11,18,18,163.64,0,0,0,18,2,1,0,0,0,0,0,0,0,0,1,0,0
90104,Brad Hodge,7,63,1112,1400,34.15,125.9,6,0,4,73,122,43,234,310,17,18.24,7.95,13.76,2,0,41,22,20
90105,Ben Rohrer,1,8,141,193,32.17,136.88,1,0,0,64,21,5,6,12,0,12,12,6,0,0,6,2,1
90106,Jeevan Mendis,1,3,27,23,7.67,85.19,0,0,1,12,0,0,30,36,1,36,7.2,30,0,0,3,0,2
90107,Ben Dunk,1,3,35,40,13.33,114.29,0,0,0,20,7,0,0,0,0,0,0,0,0,0,3,0,0
90108,Ben Hilfenhaus,6,0,0,0,0,0,0,0,0,0,0,0,372,497,22,22.59,8.02,16.91,1,0,0,0,17
90109,Colin de Grandhomme,3,21,224,303,21.64,135.27,0,0,3,40,18,18,216,323,6,53.83,8.97,36,1,0,14,7,19
90110,Chandrasekar Ganapathy,1,0,0,0,0,0,0,0,0,0,0,0,6,13,0,13,13,6,0,0,0,0,1
90111,Chandan Madan,2,1,18,15,15,83.33,0,0,0,15,3,0,0,0,0,0,0,0,0,0,1,0,0
90112,Colin Munro,4,11,141,177,19.67,125.53,0,0,1,40,19,8,12,15,0,15,7.5,12,0,0,9,2,2
90113,Chentanya Nanda,1,1,1,0,0,0,0,0,1,0,0,0,48,58,2,29,7.25,24,0,0,1,0,3
90114,Chetan Sakariya,2,5,24,16,4,66.67,0,0,1,7,2,0,378,521,17,30.65,8.27,22.24,2,0,4,1,17
90115,Colin Ingram,3,15,179,205,17.08,114.53,0,0,0,47,22,5,0,0,0,0,0,0,0,0,12,3,0
90116,Chris Lynn,11,42,941,1329,34.97,141.23,10,0,3,93,132,66,0,0,0,0,0,0,0,0,38,4,0
90117,Cheteshwar Pujara,8,22,390,390,21.67,100,1,0,1,51,50,4,0,0,0,0,0,0,0,0,18,4,0
90118,Chris Gayle,14,141,3331,4997,40.3,150.02,38,6,8,175,407,359,554,755,18,41.94,8.18,30.78,1,0,124,17,38
90119,Chris Morris,8,49,397,618,22.07,155.67,2,0,10,82,41,35,1726,2377,95,25.02,8.26,18.17,12,0,28,21,81
90120,Corey Anderson,5,29,421,538,24.45,127.79,3,0,2,95,40,31,297,525,11,47.73,10.61,27,0,0,22,7,22
90121,Junior Dala,1,0,0,0,0,0,0,0,0,0,0,0,18,34,0,34,11.33,18,0,0,0,0,1
90122,Callum Ferguson,2,8,117,98,16.33,83.76,0,0,0,23,9,0,0,0,0,0,0,0,0,0,6,2,0
90123,Chris Green,1,0,0,0,0,0,0,0,0,0,0,0,17,24,0,24,8.47,17,0,0,0,0,1
90124,Chris Jordan,5,10,65,75,10.71,115.38,0,0,1,30,3,3,542,870,27,32.22,9.63,20.07,3,0,7,3,28
90125,Clint McKay,3,1,15,8,8,53.33,0,0,0,8,0,0,42,60,1,60,8.57,42,0,0,1,0,2
90126,Chamara Kapugedera,1,3,22,16,5.33,72.73,0,0,1,8,0,0,17,49,0,49,17.29,17,0,0,3,0,3
90127,Charl Langeveldt,4,2,9,8,4,88.89,0,0,1,8,0,1,156,199,13,15.31,7.65,12,1,0,2,0,7
90128,Cameron White,6,45,757,971,28.56,128.27,6,0,4,78,76,38,42,86,1,86,12.29,42,0,0,34,11,6
90129,CM Gautam,7,13,149,169,18.78,113.42,0,0,0,33,17,6,0,0,0,0,0,0,0,0,9,4,0
90130,Carlos Brathwaite,4,14,110,181,13.92,164.55,0,0,0,43,10,16,254,384,13,29.54,9.07,19.54,1,0,13,1,16
90131,Chris Woakes,4,12,77,78,15.6,101.3,0,0,1,18,7,2,440,674,30,22.47,9.19,14.67,3,0,5,7,21
90132,Dilhara Fernando,4,2,3,4,4,133.33,0,0,0,2,0,0,234,306,17,18,7.85,13.76,1,0,0,2,10
90133,Varun Chakravarthy,4,8,37,24,12,64.86,0,0,1,10,2,0,973,1186,42,28.24,7.31,23.17,1,1,2,6,42
90134,D Brevis,0,7,113,161,23,142.48,0,0,0,49,14,11,3,8,1,8,16,3,0,0,7,0,1
90135,Dillon du Preez,2,1,13,10,10,76.92,0,0,0,10,0,0,42,56,4,14,8,10.5,1,0,1,0,2
90136,Doddapaneni Kalyankrishna,2,1,8,3,3,37.5,0,0,0,3,0,0,48,88,2,44,11,24,0,0,1,0,3
90137,Devdutt Padikkal,4,46,1010,1260,28.64,124.75,8,1,3,101,135,36,0,0,0,0,0,0,0,0,44,2,0
90138,D Pretorius,0,5,28,44,11,157.14,0,0,1,22,3,3,126,213,6,35.5,10.14,21,0,0,4,1,6
90139,Dinesh Salunkhe,4,3,24,33,33,137.5,0,0,0,26,5,0,47,80,1,80,10.21,47,0,0,1,2,5
90140,David Wiese,2,8,89,127,31.75,142.7,0,0,0,47,12,4,278,409,16,25.56,8.83,17.38,1,0,4,4,14
90141,David Miller,12,101,1777,2455,38.36,138.15,13,1,2,101,169,113,0,0,0,0,0,0,0,0,64,37,0
90142,David Warner,14,162,4166,5883,43.58,141.21,59,4,9,126,577,216,1,2,0,2,12,1,0,0,135,27,1
90143,Doug Bracewell,1,1,9,12,12,133.33,0,0,0,12,1,0,24,32,3,10.67,8,8,1,0,0,1,1
90144,Debabrata Das,4,22,260,304,25.33,116.92,0,0,1,35,23,16,0,0,0,0,0,0,0,0,12,10,0
90145,Dwaraka Ravi Teja,6,25,315,375,19.74,119.05,1,0,1,60,35,9,18,28,1,28,9.33,18,0,0,19,6,2
90146,Doug Bollinger,3,4,22,21,21,95.45,0,0,1,16,1,1,576,716,37,19.35,7.46,15.57,4,0,1,3,27
90147,Darshan Nalkande,4,0,0,0,0,0,0,0,0,0,0,0,31,59,2,29.5,11.42,15.5,0,0,0,0,2
90148,Dishant Yagnik,5,17,133,170,18.89,127.82,0,0,1,34,23,2,0,0,0,0,0,0,0,0,9,8,0
90149,Dwayne Bravo,15,110,1196,1560,22.94,130.43,5,0,6,70,120,66,3120,4436,183,24.24,8.53,17.05,16,0,68,42,158
90150,Daniel Harris,1,4,101,111,37,109.9,0,0,0,47,11,5,18,26,0,26,8.67,18,0,0,3,1,2
90151,Deepak Hooda,9,75,932,1237,22.09,132.73,7,0,3,64,77,56,349,505,10,50.5,8.68,34.9,0,0,56,19,30
90152,David Hussey,7,61,1070,1322,28.74,123.55,5,0,5,71,90,60,317,485,8,60.63,9.18,39.63,0,0,46,15,26
90153,Davy Jacobs,2,7,98,92,13.14,93.88,0,0,1,32,10,4,0,0,0,0,0,0,0,0,7,0,0
90154,Dawid Malan,1,1,26,26,26,100,0,0,0,26,1,1,0,0,0,0,0,0,0,0,1,0,0
90155,Daryl Mitchell,1,2,44,33,16.5,75,0,0,0,17,1,0,12,27,0,27,13.5,12,0,0,2,0,2
90156,Domnic Muthuswami,1,1,3,1,1,33.33,0,0,0,1,0,0,84,108,4,27,7.71,21,0,0,1,0,6
90157,Dominic John Thornely,0,4,53,39,13,73.58,0,0,1,30,2,2,42,40,3,13.33,5.71,14,0,0,3,1,4
90158,David Willey,2,2,30,18,9,60,0,0,1,18,3,0,126,171,3,57,8.14,42,0,0,2,0,7
90159,Darren Sammy,4,20,241,295,19.67,122.41,1,0,2,60,15,18,236,354,11,32.18,9,21.45,1,0,15,5,19
90160,D'Arcy Short,1,7,99,115,16.43,116.16,0,0,0,44,11,5,18,23,1,23,7.67,18,0,0,7,0,2
90161,Deepak Chahar,10,11,57,79,11.29,138.6,0,0,3,39,2,6,1324,1739,59,29.47,7.88,22.44,5,0,7,4,63
90162,Daniel Vettori,6,16,112,121,17.29,108.04,0,0,1,29,11,2,777,894,28,31.93,6.9,27.75,2,0,7,9,34
90163,Darren Bravo,2,1,5,6,6,120,0,0,0,6,1,0,0,0,0,0,0,0,0,0,0,1,0
90164,Nuwan Zoysa,2,2,9,11,11,122.22,0,0,0,10,1,0,66,100,2,50,9.09,33,0,0,1,1,3
90165,Devon Conway,0,7,172,252,42,146.51,3,0,1,87,22,12,0,0,0,0,0,0,0,0,6,1,0
90166,Dirk Nannes,5,2,13,4,4,30.77,0,0,0,3,0,0,646,815,28,29.11,7.57,23.07,2,0,1,1,29
90167,Paidikalva Vijaykumar,2,1,1,1,1,100,0,0,0,1,0,0,152,205,4,51.25,8.09,38,0,0,0,1,9
90168,Mahela Jayawardene,6,78,1462,1808,31.17,123.67,11,1,2,110,200,40,0,0,0,0,0,0,0,0,58,20,0
90169,Damien Martyn,1,1,24,19,19,79.17,0,0,0,19,1,0,0,0,0,0,0,0,0,0,1,0,0
90170,Daniel Sams,3,13,44,44,4.89,100,0,0,4,15,1,3,360,528,14,37.71,8.8,25.71,2,0,9,4,16
90171,Dhruv Shorey,2,2,17,13,6.5,76.47,0,0,0,8,0,1,0,0,0,0,0,0,0,0,2,0,0
90172,Dwayne Smith,9,88,1755,2385,29.81,135.9,17,0,8,87,245,117,539,825,26,31.73,9.18,20.73,2,0,80,8,46
90173,Dhawal Kulkarni,15,20,108,104,13,96.3,0,0,0,28,7,2,1787,2513,86,29.22,8.44,20.78,7,0,8,12,92
90174,Darren Lehmann,1,2,18,18,9,100,0,0,0,17,3,0,0,0,0,0,0,0,0,0,2,0,0
90175,Daniel Christian,6,41,394,460,17.04,116.75,0,0,2,39,23,19,883,1218,38,32.05,8.28,23.24,0,0,27,14,49
90176,Devraj Patil,2,2,13,13,13,100,0,0,0,9,1,0,0,0,0,0,0,0,0,0,1,1,0
90177,Dale Steyn,11,33,160,167,8.35,104.38,0,0,5,19,14,3,2182,2583,97,26.63,7.1,22.49,8,0,20,13,95
90178,Evin Lewis,4,26,477,654,27.25,137.11,4,0,2,65,62,36,0,0,0,0,0,0,0,0,24,2,0
90179,Eoin Morgan,10,74,1147,1406,23.83,122.58,5,0,5,68,112,64,0,0,0,0,0,0,0,0,59,15,0
90180,Eklavya Dwivedi,6,2,14,24,12,171.43,0,0,0,19,2,2,0,0,0,0,0,0,0,0,2,0,0
90181,Farhaan Behardien,1,3,13,14,7,107.69,0,0,1,9,2,0,0,0,0,0,0,0,0,0,2,1,0
90182,Francois du Plessis,12,109,2602,3403,36.99,130.78,25,0,7,96,314,109,6,16,0,16,16,6,0,0,92,17,1
90183,Fabian Allen,3,3,18,14,7,77.78,0,0,1,8,1,0,90,136,2,68,9.07,45,0,0,2,1,4
90184,Fazalhaq Farooqi,0,1,8,2,2,25,0,0,0,2,0,0,72,110,2,55,9.17,36,0,0,0,1,3
90185,Fidel Edwards,6,2,5,4,4,80,0,0,0,3,0,0,140,160,5,32,6.86,28,0,0,1,1,6
90186,Faiz Fazal,9,11,172,183,20.33,106.4,0,0,1,45,22,1,12,20,0,20,10,12,0,0,9,2,2
90187,Gautam Gambhir,11,151,3394,4217,32.95,124.25,36,0,11,93,492,59,0,0,0,0,0,0,0,0,128,23,0
90188,Gagandeep Singh,1,0,0,0,0,0,0,0,0,0,0,0,84,142,3,47.33,10.14,28,0,0,0,0,4
90189,Brad Hogg,4,4,22,22,11,100,0,0,0,13,1,0,458,585,23,25.43,7.66,19.91,2,0,2,2,21
90190,Graeme Smith,6,29,664,739,28.42,111.3,4,0,3,91,94,9,0,0,0,0,0,0,0,0,26,3,0
90191,Hardus Viljoen,3,3,7,3,1.5,42.86,0,0,1,2,0,0,138,229,7,32.71,9.96,19.71,0,0,2,1,6
90192,Glenn McGrath,2,2,5,4,4,80,0,0,1,4,1,0,324,366,12,30.5,6.78,27,1,0,1,1,14
90193,Glenn Phillips,2,3,32,26,13,81.25,0,0,0,14,1,2,12,20,1,20,10,12,0,0,2,1,2
90194,Hanuma Vihari,6,23,319,284,14.95,89.03,0,0,0,46,23,1,42,48,1,48,6.86,42,0,0,19,4,6
90195,George Garton,1,2,4,2,2,50,0,0,1,2,0,0,90,136,3,45.33,9.07,30,0,0,1,1,5
90196,George Bailey,7,36,541,663,25.5,122.55,2,0,1,61,59,19,0,0,0,0,0,0,0,0,26,10,0
90197,Glenn Maxwell,10,105,1500,2320,26.67,154.67,13,0,12,95,197,127,786,1087,28,38.82,8.3,28.07,0,0,87,18,66
90198,Graham Napier,2,1,16,15,15,93.75,0,0,0,15,1,0,24,28,1,28,7,24,0,0,1,0,1
90199,Gurinder Sandhu,1,0,0,0,0,0,0,0,0,0,0,0,48,86,1,86,10.75,48,0,0,0,0,2
90200,Gurkeerat Singh,11,32,422,511,21.29,121.09,2,0,4,65,55,11,78,97,5,19.4,7.46,15.6,0,0,24,8,6
90201,Halhadar Das,2,1,5,2,2,40,0,0,0,2,0,0,0,0,0,0,0,0,0,0,1,0,0
90202,Heinrich Klaasen,2,6,56,66,13.2,117.86,0,0,1,32,5,1,0,0,0,0,0,0,0,0,5,1,0
90203,Harbhajan Singh,14,88,599,833,16.33,139.07,1,0,12,64,79,42,3416,4101,150,27.34,7.2,22.77,10,1,51,37,160
90204,Harmeet Singh,6,4,12,18,9,150,0,0,1,14,3,0,549,747,27,27.67,8.16,20.33,2,0,2,2,28
90205,Harpreet Brar,4,9,95,106,35.33,111.58,0,0,0,25,6,5,288,379,9,42.11,7.9,32,2,0,3,6,15
90206,Harpreet Singh,6,3,26,20,10,76.92,0,0,0,13,0,0,0,0,0,0,0,0,0,0,2,1,0
90207,Harshit Rana,0,2,2,2,2,100,0,0,1,2,0,0,30,52,1,52,10.4,30,0,0,1,1,2
90208,Rassie van der Dussen,0,3,24,22,11,91.67,0,0,0,12,2,0,0,0,0,0,0,0,0,0,2,1,0
90209,Harry Gurney,2,1,5,1,1,20,0,0,0,1,0,0,162,239,7,34.14,8.85,23.14,0,0,0,1,8
90210,Herschelle Gibbs,4,36,805,886,28.58,110.06,6,0,4,69,83,31,0,0,0,0,0,0,0,0,31,5,0
90211,Hardik Pandya,8,100,1328,1972,31.3,148.49,8,0,5,91,146,111,1052,1566,50,31.32,8.93,21.04,4,0,63,37,70
90212,Hashim Amla,2,16,406,577,44.38,142.12,5,2,2,104,60,21,0,0,0,0,0,0,0,0,13,3,0
90213,Hrithik Shokeen,1,2,48,43,21.5,89.58,0,0,0,25,5,0,90,130,2,65,8.67,45,0,0,2,0,5
90214,Harshal Patel,11,31,178,230,12.11,129.21,0,0,6,36,15,13,1585,2262,97,23.32,8.56,16.34,9,1,19,12,76
90215,Ishan Malhotra,2,1,4,7,7,175,0,0,0,7,1,0,6,23,0,23,23,6,0,0,0,1,1
90216,Ishant Sharma,13,18,61,55,9.17,90.16,0,0,2,10,4,2,1997,2779,72,38.6,8.35,27.74,2,1,6,12,93
90217,Isuru Udana,1,4,11,15,5,136.36,0,0,1,10,1,1,174,286,8,35.75,9.86,21.75,0,0,3,1,10
90218,Ishwar Pandey,5,1,2,0,0,0,0,0,1,0,0,0,462,609,18,33.83,7.91,25.67,0,0,1,0,24
90219,Ishan Porel,3,0,0,0,0,0,0,0,0,0,0,0,24,42,1,42,10.5,24,0,0,0,0,1
90220,Irfan Pathan,12,82,947,1150,23.47,121.44,1,0,3,60,88,38,2043,2711,80,33.89,7.96,25.54,4,0,49,33,101
90221,Imran Tahir,8,8,37,33,8.25,89.19,0,0,1,13,5,0,1316,1729,82,21.09,7.88,16.05,12,0,4,4,59
90222,Iqbal Abdulla,10,13,82,88,88,107.32,0,0,2,33,9,1,920,1125,40,28.13,7.34,23,4,0,1,12,48
90223,Ishank Jaggi,5,7,97,76,15.2,78.35,0,0,0,28,6,0,0,0,0,0,0,0,0,0,5,2,0
90224,Ish Sodhi,7,2,17,7,3.5,41.18,0,0,0,6,0,0,181,204,9,22.67,6.76,20.11,1,0,2,0,8
90225,Ishan Malhotra,0,70,1407,1870,30.16,132.91,12,0,6,99,166,85,0,0,0,0,0,0,0,0,62,8,0
90226,Jagadeesh Arunkumar,2,3,23,23,7.67,100,0,0,1,22,5,0,0,0,0,0,0,0,0,0,3,0,0
90227,Johan Botha,6,28,358,409,20.45,114.25,1,0,0,67,39,5,694,818,25,32.72,7.07,27.76,1,0,20,8,34
90228,Jagadeesha Suchith,7,9,61,70,17.5,114.75,0,0,2,34,6,3,420,604,19,31.79,8.63,22.11,0,0,4,5,21
90229,Syed Mohammed,3,5,26,29,14.5,111.54,0,0,0,13,4,0,192,286,8,35.75,8.94,24,0,0,2,3,11
90230,Rusty Theron,5,4,12,10,5,83.33,0,0,1,7,1,0,221,311,9,34.56,8.44,24.56,1,0,2,2,10
90231,Jayant Yadav,9,4,36,40,20,111.11,0,0,0,23,2,1,366,421,8,52.63,6.9,45.75,0,0,2,2,19
90232,Albie Morkel,9,67,683,975,25.66,142.75,3,0,3,73,61,55,1723,2409,85,28.34,8.39,20.27,5,0,38,29,87
90233,Jhye Richardson,1,2,24,15,7.5,62.5,0,0,1,15,2,0,66,122,3,40.67,11.09,22,0,0,2,0,3
90234,Jalaj Saxena,5,0,0,0,0,0,0,0,0,0,0,0,18,27,0,27,9,18,0,0,0,0,1
90235,Jaskaran Singh,4,4,11,8,8,72.73,0,0,1,4,0,0,102,174,6,29,10.24,17,0,0,1,3,7
90236,Jofra Archer,5,21,120,195,15,162.5,0,0,3,27,11,14,827,1008,46,21.91,7.31,17.98,6,0,13,8,35
90237,Jos Buttler,7,81,1884,2832,41.65,150.32,20,5,1,124,277,135,0,0,0,0,0,0,0,0,68,13,0
90238,Jesse Ryder,7,29,455,604,22.37,132.75,4,0,4,86,69,19,236,314,8,39.25,7.98,29.5,0,0,27,2,16
90239,Jaydev Unadkat,13,21,133,164,16.4,123.31,0,0,3,26,13,6,1896,2806,91,30.84,8.88,20.84,5,2,10,11,90
90240,Jacob Oram,6,11,107,106,13.25,99.07,0,0,1,41,6,5,237,362,9,40.22,9.16,26.33,1,0,8,3,14
90241,Jimmy Neesham,5,10,93,92,11.5,98.92,0,0,2,22,6,2,216,342,8,42.75,9.5,27,1,0,8,2,13
90242,Jerome Taylor,3,2,3,3,3,100,0,0,0,2,0,0,117,167,6,27.83,8.56,19.5,1,0,0,2,5
90243,James Franklin,3,16,300,327,29.73,109,1,0,0,79,25,8,151,225,9,25,8.94,16.78,0,0,11,5,15
90244,Jacques Kallis,7,95,2213,2427,29.24,109.67,17,0,8,89,255,44,1742,2348,65,36.12,8.09,26.8,2,0,83,12,89
90245,Jasprit Bumrah,10,22,65,56,9.33,86.15,0,0,9,16,4,1,2764,3499,145,24.13,7.6,19.06,18,2,6,16,120
90246,Jason Roy,5,13,254,329,29.91,129.53,2,0,0,91,39,9,0,0,0,0,0,0,0,0,11,2,0
90247,Johan van der Wath,1,3,16,18,9,112.5,0,0,1,14,1,1,72,134,3,44.67,11.17,24,0,0,2,1,3
90248,Joe Denly,1,1,1,0,0,0,0,0,1,0,0,0,0,0,0,0,0,0,0,0,1,0,0
90249,James Pattinson,4,2,13,15,15,115.38,0,0,0,11,2,0,213,321,11,29.18,9.04,19.36,0,0,1,1,10
90250,Jonny Bairstow,4,39,901,1291,35.86,143.29,10,1,2,114,133,55,0,0,0,0,0,0,0,0,36,3,0
90251,Justin Kemp,1,2,24,26,13,108.33,0,0,0,22,1,1,44,58,3,19.33,7.91,14.67,1,0,2,0,5
90252,Jitesh Sharma,3,10,143,234,29.25,163.64,0,0,0,44,22,12,0,0,0,0,0,0,0,0,8,2,0
90253,Jason Holder,6,24,198,247,13,124.75,0,0,2,47,13,17,824,1199,49,24.47,8.73,16.82,8,0,19,5,38
90254,Joginder Sharma,5,5,30,36,9,120,0,0,2,16,1,2,256,421,12,35.08,9.87,21.33,0,0,4,1,15
90255,Jason Behrendorff,4,0,0,0,0,0,0,0,0,0,0,0,114,168,5,33.6,8.84,22.8,0,0,0,0,5
90256,JP Duminy,11,75,1631,2029,42.27,124.4,14,0,1,78,126,79,678,847,23,36.83,7.5,29.48,1,0,48,27,49
90257,James Faulkner,7,45,385,527,21.08,136.88,0,0,0,46,36,23,1238,1849,59,31.34,8.96,20.98,5,2,25,20,60
90258,Javon Searles,1,2,6,8,8,133.33,0,0,0,6,0,1,42,89,2,44.5,12.71,21,0,0,0,2,3
90259,Josh Hazlewood,5,5,26,18,18,69.23,0,0,1,7,1,0,549,754,32,23.56,8.24,17.16,4,0,0,5,24
90260,James Hopes,5,19,305,417,26.06,136.72,4,0,1,71,49,11,360,562,14,40.14,9.37,25.71,0,0,16,3,20
90261,Josh Philippe,2,5,77,78,19.5,101.3,0,0,1,33,9,1,0,0,0,0,0,0,0,0,4,1,0
90262,John Hastings,3,0,0,0,0,0,0,0,0,0,0,0,58,66,3,22,6.83,19.33,0,0,0,0,3
90263,Karan Goel,3,16,231,218,16.77,94.37,0,0,1,38,17,9,66,94,0,94,8.55,66,0,0,13,3,6
90264,Krishnappa Gowtham,6,20,111,186,13.29,167.57,0,0,3,33,13,12,480,677,18,37.61,8.46,26.67,0,0,14,6,28
90265,Kumar Kartikeya Singh,1,1,5,3,3,60,0,0,0,3,0,0,78,103,5,20.6,7.92,15.6,0,0,1,0,4
90266,Kulwant Khejroliya,5,0,0,0,0,0,0,0,0,0,0,0,95,157,3,52.33,9.92,31.67,0,0,0,0,5
90267,Kagiso Rabada,6,23,176,186,14.31,105.68,0,0,4,44,16,6,1438,2023,99,20.43,8.44,14.53,12,0,13,10,63
90268,Krishmar Santokie,1,0,0,0,0,0,0,0,0,0,0,0,48,91,3,30.33,11.38,16,0,0,0,0,2
90269,Krishnakant Upadhyay,2,2,9,12,12,133.33,0,0,0,11,0,1,54,81,0,81,9,54,0,0,0,2,3
90270,Kuldeep Yadav,10,1,4,0,0,0,0,0,1,0,0,0,12,17,0,17,8.5,12,0,0,0,1,1
90271,Kyle Jamieson,1,7,55,65,21.67,118.18,0,0,0,16,5,3,168,271,9,30.11,9.68,18.67,1,0,3,4,9
90272,Kieron Pollard,13,168,2315,3437,29.13,148.47,16,0,6,87,221,224,1488,2200,69,31.88,8.87,21.57,3,0,118,50,107
90273,Kemar Roach,2,1,9,10,10,111.11,0,0,0,10,1,0,48,80,0,80,10,48,0,0,1,0,2
90274,Kamran Akmal,1,6,77,128,32,166.23,1,0,0,53,13,8,0,0,0,0,0,0,0,0,4,2,0
90275,Kamran Khan,5,1,5,3,3,60,0,0,0,3,0,0,166,248,9,27.56,8.96,18.44,1,0,1,0,9
90276,Karanveer Singh,3,4,17,12,12,70.59,0,0,0,5,1,0,204,323,12,26.92,9.5,17,2,0,1,3,9
90277,Kartik Tyagi,3,6,16,13,3.25,81.25,0,0,1,7,1,0,361,576,14,41.14,9.57,25.79,0,0,4,2,16
90278,Arun Karthik,0,8,51,51,10.2,100,0,0,1,19,4,1,0,0,0,0,0,0,0,0,5,3,0
90279,KC Cariappa,6,5,21,24,8,114.29,0,0,0,12,0,2,216,349,8,43.63,9.69,27,0,0,3,2,11
90280,Kumar Sangakkara,6,68,1385,1687,25.95,121.81,10,0,4,94,195,27,0,0,0,0,0,0,0,0,65,3,0
90281,Dinesh Karthik,15,207,3293,4377,28.06,132.92,20,0,14,97,426,134,0,0,0,0,0,0,0,0,156,51,0
90282,Krunal Pandya,7,82,969,1326,23.26,136.84,1,0,4,86,121,50,1672,2066,61,33.87,7.41,27.41,5,0,57,25,93
90283,Kyle Abbott,3,3,8,13,13,162.5,0,0,1,12,0,1,96,182,2,91,11.38,48,0,0,1,2,5
90284,Khaleel Ahmed,7,5,7,1,0.2,14.29,0,0,4,1,0,0,778,1116,48,23.25,8.61,16.21,8,0,5,0,34
90285,Kevon Cooper,3,12,67,116,12.89,173.13,0,0,1,32,9,8,576,789,33,23.91,8.22,17.45,5,0,9,3,25
90286,Karun Nair,11,68,1169,1496,24.52,127.97,10,0,3,83,161,39,0,0,0,0,0,0,0,0,61,7,0
90287,Kamlesh Nagarkoti,5,7,33,22,5.5,66.67,0,0,2,8,1,0,180,287,5,57.4,9.57,36,0,0,4,3,11
90288,KL Rahul,10,99,2853,3895,49.3,136.52,35,4,4,132,327,164,0,0,0,0,0,0,0,0,79,20,0
90289,KM Asif,5,0,0,0,0,0,0,0,0,0,0,0,49,93,4,23.25,11.39,12.25,0,0,0,0,3
90290,Kedar Jadhav,13,80,959,1196,23.45,124.71,4,0,6,69,101,40,0,0,0,0,0,0,0,0,51,29,0
90291,Keemo Paul,2,5,24,18,4.5,75,0,0,1,7,1,1,163,239,9,26.56,8.8,18.11,2,0,4,1,8
90292,Nuwan Kulasekara,3,1,3,5,5,166.67,0,0,0,5,1,0,102,122,5,24.4,7.18,20.4,0,0,0,1,5
90293,KP Appanna,5,3,4,2,2,50,0,0,1,1,0,0,216,291,9,32.33,8.08,24,1,0,1,2,13
90294,Kevin Pietersen,8,36,742,1001,37.07,134.91,5,1,4,103,91,40,174,218,7,31.14,7.52,24.86,0,0,27,9,13
90295,Kuldeep Sen,3,1,3,0,0,0,0,0,1,0,0,0,151,240,8,30,9.54,18.88,1,0,0,1,7
90296,Srikar Bharat,4,8,161,199,28.43,123.6,1,0,1,78,12,8,0,0,0,0,0,0,0,0,7,1,0
90297,Karan Sharma,2,1,4,4,4,100,0,0,0,4,1,0,0,0,0,0,0,0,0,0,1,0,0
90298,Kane Williamson,8,74,1665,2105,37.59,126.43,18,0,1,89,182,64,18,31,0,31,10.33,18,0,0,56,18,2
90299,Kuldeep Yadav,0,17,127,105,21,82.68,0,0,3,16,8,2,1194,1671,61,27.39,8.4,19.57,6,0,5,12,57
90300,Karn Sharma,12,34,274,317,15.85,115.69,0,0,1,39,18,14,1222,1645,59,27.88,8.08,20.71,4,0,20,14,66
90301,Kane Richardson,6,4,39,36,12,92.31,0,0,0,26,2,1,335,479,19,25.21,8.58,17.63,1,0,3,1,15
90302,Love Ablish,3,1,2,0,0,0,0,0,1,0,0,0,42,76,3,25.33,10.86,14,0,0,0,1,3
90303,Lakshmipathy Balaji,7,13,49,36,5.14,73.47,0,0,5,15,2,1,1512,2083,76,27.41,8.27,19.89,6,1,7,6,73
90304,Lungi Ngidi,5,0,0,0,0,0,0,0,0,0,0,0,324,460,25,18.4,8.52,12.96,4,0,0,0,14
90305,Luke Ronchi,2,5,34,34,11.33,100,0,0,1,13,6,1,0,0,0,0,0,0,0,0,3,2,0
90306,Lee Carseldine,1,5,66,81,27,122.73,0,0,0,39,11,0,6,6,1,6,6,6,0,0,3,2,1
90307,Luke Pomersbach,6,16,243,302,30.2,124.28,1,0,0,79,25,13,0,0,0,0,0,0,0,0,10,6,0
90308,Lalit Yadav,4,13,214,229,28.63,107.01,0,0,1,48,18,7,192,253,8,31.63,7.91,24,0,0,8,5,13
90309,Liam Plunkett,1,2,3,1,1,33.33,0,0,1,1,0,0,150,228,4,57,9.12,37.5,1,0,1,1,7
90310,Lockie Ferguson,5,6,44,67,33.5,152.27,0,0,1,24,6,2,768,1093,36,30.36,8.54,21.33,3,1,2,4,35
90311,Lukman Hussain Meriwala,1,0,0,0,0,0,0,0,0,0,0,0,18,32,1,32,10.67,18,0,0,0,0,1
90312,Luke Wright,2,5,59,106,26.5,179.66,0,0,0,44,16,3,71,125,2,62.5,10.56,35.5,0,0,4,1,6
90313,Lendl Simmons,4,29,848,1079,41.5,127.24,12,1,2,100,109,44,18,34,1,34,11.33,18,0,0,26,3,1
90314,Chamara Silva,2,3,26,40,20,153.85,0,0,1,23,5,1,6,21,0,21,21,6,0,0,2,1,1
90315,Laxmi Ratan Shukla,8,33,350,405,15,115.71,0,0,3,48,33,15,314,458,15,30.53,8.75,20.93,2,0,27,6,27
90316,Ross Taylor,9,54,818,1017,26.76,124.33,3,0,3,81,66,46,12,24,0,24,12,12,0,0,38,16,2
90317,Liam Livingstone,3,23,327,549,27.45,167.89,4,0,0,70,38,40,144,215,6,35.83,8.96,24,1,0,20,3,13
90318,Murugan Ashwin,7,12,50,35,4.38,70,0,0,3,9,2,1,846,1129,35,32.26,8.01,24.17,2,0,8,4,42
90319,Marchant de Lange,5,1,2,1,1,50,0,0,0,1,0,0,108,171,5,34.2,9.5,21.6,1,0,1,0,5
90320,Marco Jansen,2,4,10,9,3,90,0,0,2,8,0,1,228,325,9,36.11,8.55,25.33,1,0,3,1,10
90321,Mohammad Kaif,5,22,249,259,16.19,104.02,0,0,0,34,22,6,0,0,0,0,0,0,0,0,16,6,0
90322,Murali Kartik,7,14,107,113,18.83,105.61,0,0,1,21,7,1,1149,1418,31,45.74,7.4,37.06,1,0,6,8,55
90323,Michael Klinger,1,4,75,73,18.25,97.33,0,0,0,29,9,0,0,0,0,0,0,0,0,0,4,0,0
90324,Mithun Manhas,8,38,470,514,22.35,109.36,0,0,6,42,43,10,42,42,0,42,6,42,0,0,23,15,3
90325,Mayank Markande,5,7,29,27,9,93.1,0,0,1,7,3,0,360,522,17,30.71,8.7,21.18,2,0,3,4,20
90326,Morne Morkel,9,20,89,126,12.6,141.57,0,0,4,23,11,5,1629,2136,77,27.74,7.87,21.16,6,0,10,10,70
90327,Muttiah Muralitharan,7,9,29,20,3.33,68.97,0,0,3,6,1,0,1528,1765,63,28.02,6.93,24.25,5,0,6,3,66
90328,Makhaya Ntini,3,2,18,11,11,61.11,0,0,1,11,2,0,210,257,7,36.71,7.34,30,1,0,1,1,9
90329,Matheesha Pathirana,1,0,0,0,0,0,0,0,0,0,0,0,41,56,2,28,8.2,20.5,0,0,0,0,2
90330,Prasidh Krishna,5,7,24,9,4.5,37.5,0,0,3,4,0,0,1152,1741,49,35.53,9.07,23.51,5,0,2,5,51
90331,Mahesh Rawat,3,11,69,55,11,79.71,0,0,1,23,4,1,0,0,0,0,0,0,0,0,5,6,0
90332,Shahrukh Khan,3,18,222,270,20.77,121.62,0,0,2,47,13,19,0,0,0,0,0,0,0,0,13,5,0
90333,Maheesh Theekshana,1,2,7,7,7,100,0,0,1,7,0,1,210,267,12,22.25,7.63,17.5,2,0,1,1,9
90334,Murali Vijay,13,105,2148,2619,28.16,121.93,15,2,4,127,247,91,36,49,0,49,8.17,36,0,0,93,12,4
90335,Manan Vohra,12,50,817,1073,23.33,131.33,3,0,3,95,103,43,0,0,0,0,0,0,0,0,46,4,0
90336,Mayank Agarwal,12,107,1725,2335,23.35,135.36,13,1,7,106,228,91,0,0,0,0,0,0,0,0,100,7,0
90337,Musavir Khote,1,3,22,24,12,109.09,0,0,0,9,2,1,30,52,2,26,10.4,15,0,0,2,1,2
90338,Mitchell Starc,4,11,98,96,16,97.96,0,0,0,29,10,0,580,725,34,21.32,7.5,17.06,4,0,6,5,26
90339,Mark Wood,2,1,3,1,1,33.33,0,0,0,1,0,0,24,50,0,50,12.5,24,0,0,1,0,1
90340,Mandeep Singh,13,94,1369,1692,21.97,123.59,6,0,13,77,176,37,12,26,0,26,13,12,0,0,77,17,2
90341,Mashrafe Mortaza,1,1,2,2,2,100,0,0,0,2,0,0,24,59,0,59,14.75,24,0,0,0,1,1
90342,Mohnish Parmar,0,0,0,0,0,0,0,0,0,0,0,0,18,33,0,33,11,18,0,0,0,0,1
90343,Moises Henriques,10,54,785,1000,27.78,127.39,5,0,3,74,87,28,950,1302,42,31,8.22,22.62,2,0,36,18,60
90344,Manpreet Juneja,9,7,128,125,17.86,97.66,0,0,0,49,11,1,0,0,0,0,0,0,0,0,7,0,0
90345,Mohnish Mishra,5,17,206,237,15.8,115.05,0,0,1,41,24,8,0,0,0,0,0,0,0,0,15,2,0
90346,Kusal Perera,1,2,13,14,7,107.69,0,0,1,14,3,0,0,0,0,0,0,0,0,0,2,0,0
90347,Mike Hussey,8,58,1610,1977,40.35,122.8,16,1,1,116,198,52,0,0,0,0,0,0,0,0,49,9,0
90348,Farveez Maharoof,3,14,123,177,17.7,143.9,0,0,2,39,12,9,420,532,27,19.7,7.6,15.56,1,0,10,4,20
90349,Mitchell Johnson,7,28,163,167,12.85,102.45,0,0,3,16,10,7,1235,1740,61,28.52,8.45,20.25,3,0,13,15,54
90350,Michael Neser,1,0,0,0,0,0,0,0,0,0,0,0,24,62,0,62,15.5,24,0,0,0,0,1
90351,Misbah-ul-Haq,1,8,81,117,16.71,144.44,0,0,2,47,10,6,0,0,0,0,0,0,0,0,7,1,0
90352,Michael Clarke,2,6,94,98,16.33,104.26,0,0,0,41,12,0,66,72,2,36,6.55,33,0,0,6,0,5
90353,Martin Guptill,3,13,196,271,22.58,138.27,1,0,1,50,24,15,0,0,0,0,0,0,0,0,12,1,0
90354,Matt Henry,4,0,0,0,0,0,0,0,0,0,0,0,30,71,1,71,14.2,30,0,0,0,0,2
90355,Michael Lumb,4,12,191,278,27.8,145.55,1,0,3,83,45,6,0,0,0,0,0,0,0,0,10,2,0
90356,Mitchell McClenaghan,6,20,69,85,7.73,123.19,0,0,7,20,5,7,1274,1839,71,25.9,8.66,17.94,8,0,11,9,56
90357,Mitchell Santner,7,6,49,54,18,110.2,0,0,0,22,3,3,240,282,10,28.2,7.05,24,0,0,3,3,12
90358,Mahipal Lomror,5,15,208,267,20.54,128.37,0,0,0,47,15,13,72,92,1,92,7.67,72,0,0,13,2,8
90359,Manish Pandey,15,148,2999,3657,30.48,121.94,22,1,12,114,318,106,0,0,0,0,0,0,0,0,120,28,0
90360,Manoj Tiwary,10,83,1444,1695,29.74,117.38,7,0,8,75,156,40,42,83,1,83,11.86,42,0,0,57,26,6
90361,Matthew Hayden,3,32,799,1107,41,138.55,8,0,1,93,121,44,0,0,0,0,0,0,0,0,27,5,0
90362,Khawar Ali,1,42,632,910,24.59,143.99,5,0,6,93,76,53,554,631,24,26.29,6.83,23.08,2,0,37,5,37
90363,Munaf Patel,8,12,41,39,7.8,95.12,0,0,6,23,5,0,1355,1733,74,23.42,7.67,18.31,6,1,5,7,63
90364,Mohit Sharma,9,25,117,122,8.71,104.27,0,0,4,21,8,4,1754,2488,92,27.04,8.51,19.07,10,0,14,11,86
90365,Marlon Samuels,3,14,172,161,14.64,93.6,0,0,1,46,9,7,214,285,9,31.67,7.99,23.78,1,0,11,3,11
90366,Morné van Wyk,1,5,131,167,55.67,127.48,1,0,1,74,19,1,0,0,0,0,0,0,0,0,3,2,0
90367,Mohammad Ashraful,1,1,10,2,2,20,0,0,0,2,0,0,0,0,0,0,0,0,0,0,1,0,0
90368,Mohammad Asif,1,2,6,3,1.5,50,0,0,1,3,0,0,192,307,8,38.38,9.59,24,0,0,2,0,8
90369,Mohammad Hafeez,1,8,83,64,9.14,77.11,0,0,0,16,7,2,60,71,2,35.5,7.1,30,0,0,7,1,4
90370,Mohammad Nabi,6,14,120,186,16.91,155,0,0,0,37,16,10,343,417,13,32.08,7.29,26.38,1,0,11,3,17
90371,Mohammed Shami,12,21,73,69,6.27,94.52,0,0,5,21,5,2,2044,2954,99,29.84,8.67,20.65,8,0,11,10,93
90372,Mohammed Siraj,6,17,107,96,13.71,89.72,0,0,3,14,10,2,1334,1992,59,33.76,8.96,22.61,4,0,7,10,65
90373,Mohsin Khan,4,3,16,23,23,143.75,0,0,0,13,2,1,198,202,14,14.43,6.12,14.14,3,0,1,2,9
90374,Monu Kumar,4,0,0,0,0,0,0,0,0,0,0,0,12,20,0,20,10,12,0,0,0,0,1
90375,Marcus Stoinis,8,59,775,1070,26.75,138.06,4,0,6,65,83,48,654,1072,34,31.53,9.83,19.24,4,0,40,19,50
90376,Mitchell Marsh,10,23,386,476,25.05,123.32,2,0,2,89,28,28,391,528,24,22,8.1,16.29,1,0,19,4,23
90377,Manvinder Bisla,9,39,700,798,22.17,114,4,0,3,92,93,23,0,0,0,0,0,0,0,0,36,3,0
90378,Mahendra Singh Dhoni,15,205,3664,4978,40.15,135.86,24,0,5,84,346,229,0,0,0,0,0,0,0,0,124,81,0
90379,Manpreet Gony,7,15,70,99,11,141.43,0,0,4,42,6,8,888,1317,37,35.59,8.9,24,2,0,9,6,44
90380,Matthew Wade,2,13,171,179,14.92,104.68,0,0,0,35,23,2,0,0,0,0,0,0,0,0,12,1,0
90381,Mujeeb Ur Rahman,5,6,15,12,4,80,0,0,3,10,2,0,434,598,19,31.47,8.27,22.84,1,0,3,3,19
90382,Mukesh Choudhary,0,2,6,6,6,100,0,0,0,4,1,0,273,425,16,26.56,9.34,17.06,3,0,0,2,13
90383,Mustafizur Rahman,5,5,22,12,12,54.55,0,0,2,8,0,1,1050,1389,46,30.2,7.94,22.83,5,0,1,4,46
90384,Mark Boucher,4,23,307,394,28.14,128.34,1,0,0,50,32,13,0,0,0,0,0,0,0,0,14,9,0
90385,Narayan Jagadeesan,5,4,66,73,24.33,110.61,0,0,1,39,7,1,0,0,0,0,0,0,0,0,3,1,0
90386,Nicholas Pooran,5,43,604,912,26.82,150.99,4,0,5,77,51,65,0,0,0,0,0,0,0,0,34,9,0
90387,Nitish Rana,8,85,1620,2181,28.32,134.63,15,0,7,87,190,111,127,178,7,25.43,8.41,18.14,0,0,77,8,18
90388,Navdeep Saini,6,10,140,140,14,100,1,0,0,50,16,0,0,0,0,0,0,0,0,0,10,0,0
90389,Navdeep Saini,0,7,37,33,8.25,89.19,0,0,1,12,3,0,628,928,20,46.4,8.87,31.4,0,0,4,3,30
90390,Nathu Singh,3,0,0,0,0,0,0,0,0,0,0,0,24,18,1,18,4.5,24,0,0,0,0,2
90391,Nayan Doshi,5,1,13,0,0,0,0,0,1,0,0,0,56,79,2,39.5,8.46,28,0,0,1,0,4
90392,Nic Maddinson,2,3,21,20,6.67,95.24,0,0,0,12,4,0,0,0,0,0,0,0,0,0,3,0,0
90393,Nathan Rimmington,2,1,1,1,1,100,0,0,0,1,0,0,18,20,0,20,6.67,18,0,0,0,1,1
90394,Niraj Patel,2,6,119,121,30.25,101.68,1,0,0,57,14,1,0,0,0,0,0,0,0,0,4,2,0
90395,Nathan McCullum,3,2,22,26,26,118.18,0,0,0,15,0,1,30,35,0,35,7,30,0,0,1,1,2
90396,Thisara Perera,8,30,306,424,19.27,138.56,0,0,1,40,23,26,698,1031,31,33.26,8.86,22.52,3,0,22,8,36
90397,Nathan Coulter-Nile,10,16,72,82,8.2,113.89,0,0,0,24,7,4,857,1125,48,23.44,7.88,17.85,7,0,10,6,38
90398,Prashant Naik,2,4,50,31,7.75,62,0,0,0,22,2,0,0,0,0,0,0,0,0,0,4,0,0
90399,Nathan Ellis,2,3,18,18,9,100,0,0,1,12,0,1,102,148,4,37,8.71,25.5,1,0,2,1,5
90400,Naman Ojha,12,94,1308,1554,21.58,118.81,6,0,9,94,121,79,0,0,0,0,0,0,0,0,72,22,0
90401,Oshane Thomas,3,0,0,0,0,0,0,0,0,0,0,0,60,85,5,17,8.5,12,0,0,0,0,4
90402,Owais Shah,7,22,388,506,42.17,130.41,4,0,0,76,34,23,0,0,0,0,0,0,0,0,12,10,0
90403,Obed McCoy,1,1,5,8,8,160,0,0,0,8,0,1,156,242,11,22,9.31,14.18,1,0,0,1,7
90404,Odean Smith,1,6,44,51,17,115.91,0,0,1,25,1,5,90,179,6,29.83,11.93,15,1,0,3,3,6
90405,Palani Amarnath,2,0,0,0,0,0,0,0,0,0,0,0,132,241,7,34.43,10.95,18.86,0,0,0,0,6
90406,Parvinder Awana,5,5,14,5,2.5,35.71,0,0,3,4,0,0,747,1046,39,26.82,8.4,19.15,4,0,2,3,33
90407,Prashant Chopra,3,1,6,8,8,133.33,0,0,0,8,2,0,0,0,0,0,0,0,0,0,1,0,0
90408,Paras Dogra,4,12,138,127,15.88,92.03,0,0,1,41,4,5,0,0,0,0,0,0,0,0,8,4,0
90409,Praveen Dubey,4,1,13,7,7,53.85,0,0,0,7,0,0,48,72,0,72,9,48,0,0,0,1,3
90410,Praveen Kumar,11,57,312,340,10,108.97,0,0,9,34,22,17,2524,3342,90,37.13,7.94,28.04,3,0,34,23,119
90411,Pawan Negi,11,35,288,365,16.59,126.74,0,0,3,36,27,16,716,954,34,28.06,7.99,21.06,2,0,22,13,42
90412,Prasanth Parameswaran,4,2,2,1,1,50,0,0,1,1,0,0,154,226,9,25.11,8.81,17.11,1,0,0,2,8
90413,Padmanabhan Prasanth,3,0,0,0,0,0,0,0,0,0,0,0,6,18,0,18,18,6,0,0,0,0,1
90414,Prayas Ray Barman,1,1,24,19,19,79.17,0,0,0,19,2,0,24,56,0,56,14,24,0,0,1,0,1
90415,Pardeep Sahu,4,2,13,19,19,146.15,0,0,0,18,1,1,105,152,3,50.67,8.69,35,0,0,0,2,5
90416,Prabhsimran Singh,4,6,66,64,10.67,96.97,0,0,0,16,6,2,0,0,0,0,0,0,0,0,6,0,0
90417,Pawan Suyal,7,0,0,0,0,0,0,0,0,0,0,0,96,154,2,77,9.63,48,0,0,0,0,5
90418,Parthiv Patel,13,136,2350,2848,23.54,121.19,13,0,13,81,365,49,0,0,0,0,0,0,0,0,121,15,0
90419,Akshath Reddy,2,10,160,164,16.4,102.5,0,0,0,42,15,2,0,0,0,0,0,0,0,0,10,0,0
90420,Pankaj Singh,6,5,12,7,3.5,58.33,0,0,1,4,0,0,300,472,11,42.91,9.44,27.27,0,0,2,3,17
90421,Parvez Rasool,5,4,20,17,8.5,85,0,0,0,10,1,0,198,273,4,68.25,8.27,49.5,0,0,2,2,11
90422,Bhanuka Rajapaksa,1,9,128,206,22.89,160.94,0,0,0,43,16,13,0,0,0,0,0,0,0,0,9,0,0
90423,Paul Valthaty,6,23,414,505,22.95,121.98,3,1,1,120,60,20,151,207,7,29.57,8.23,21.57,1,0,22,1,10
90424,Paul Collingwood,4,7,156,203,50.75,130.13,3,0,0,75,9,13,89,101,5,20.2,6.81,17.8,0,0,4,3,6
90425,Prashant Solanki,1,0,0,0,0,0,0,0,0,0,0,0,36,39,2,19.5,6.5,18,0,0,0,0,2
90426,Pat Cummins,7,29,248,379,18.95,152.82,3,0,4,66,24,26,953,1405,45,31.22,8.85,21.18,4,0,20,9,42
90427,Pradeep Sangwan,10,14,44,26,3.71,59.09,0,0,5,6,1,0,856,1267,38,33.34,8.88,22.53,3,0,7,7,42
90428,Priyam Garg,3,17,216,251,15.69,116.2,1,0,2,51,15,9,0,0,0,0,0,0,0,0,16,1,0
90429,PM Sarvesh Kumar,2,1,2,1,1,50,0,0,0,1,0,0,30,42,1,42,8.4,30,0,0,0,1,2
90430,Prerak Mankad,2,1,1,4,4,400,0,0,0,4,1,0,0,0,0,0,0,0,0,0,0,1,0
90431,Piyush Chawla,14,76,524,584,12.43,111.45,0,0,12,24,54,18,3274,4368,157,27.82,8,20.85,12,0,47,29,164
90432,Pragyan Ojha,8,19,44,16,1.78,36.36,0,0,7,3,0,0,1899,2399,89,26.96,7.58,21.34,5,0,9,10,90
90433,Prithvi Shaw,5,63,1075,1588,26.47,147.72,12,0,5,99,192,55,0,0,0,0,0,0,0,0,60,3,0
90434,Pinal Shah,6,9,90,92,11.5,102.22,0,0,1,29,9,2,0,0,0,0,0,0,0,0,8,1,0
90435,Peter Handscomb,1,1,12,6,6,50,0,0,0,6,0,0,0,0,0,0,0,0,0,0,1,0,0
90436,Pravin Tambe,6,6,38,18,18,47.37,0,0,0,7,1,0,660,866,28,30.93,7.87,23.57,2,0,1,5,33
90437,Dushmantha Chameera,5,7,28,43,14.33,153.57,0,0,2,17,3,3,264,393,9,43.67,8.93,29.33,0,0,3,4,12
90438,Wanindu Hasaranga,2,9,45,39,4.88,86.67,0,0,3,18,4,1,378,499,26,19.19,7.92,14.54,1,1,8,1,18
90439,Quinton de Kock,10,92,2062,2767,33.34,134.19,21,2,3,140,277,106,0,0,0,0,0,0,0,0,83,9,0
90440,Ravichandran Ashwin,15,72,549,647,14.07,117.85,1,0,12,50,51,21,3900,4596,157,29.27,7.07,24.84,8,0,46,26,181
90441,Rajat Bhatia,10,47,284,342,11.79,120.42,0,0,5,26,24,13,1636,2059,71,29,7.55,23.04,4,0,29,18,91
90442,Ravi Bishnoi,3,3,17,19,6.33,111.76,0,0,1,18,1,2,0,0,0,0,0,0,0,0,3,0,0
90443,Rishi Dhawan,7,20,175,190,21.11,108.57,0,0,1,25,17,6,602,819,24,34.13,8.16,25.08,0,0,9,11,31
90444,Rahul Dravid,6,82,1878,2174,28.99,115.76,11,0,3,75,268,28,0,0,0,0,0,0,0,0,75,7,0
90445,Ryan McLaren,4,13,171,159,19.88,92.98,1,0,2,51,14,1,354,558,12,46.5,9.46,29.5,0,0,8,5,18
90446,Ryan Ninan,3,1,5,3,3,60,0,0,0,3,0,0,36,65,3,21.67,10.83,12,0,0,1,0,2
90447,Riyan Parag,4,37,417,522,18.64,125.18,2,0,4,56,40,22,157,280,4,70,10.7,39.25,0,0,28,9,19
90448,Rovman Powell,1,12,167,250,25,149.7,1,0,2,67,10,22,6,17,0,17,17,6,0,0,10,2,1
90449,Ravi Rampaul,2,7,49,51,10.2,104.08,0,0,3,23,3,2,268,319,14,22.79,7.14,19.14,1,0,5,2,12
90450,Ravisrinivasan Sai Kishore,3,0,0,0,0,0,0,0,0,0,0,0,96,122,6,20.33,7.63,16,0,0,0,0,5
90451,Sanjay Yadav,4,1,2,0,0,0,0,0,1,0,0,0,12,23,0,23,11.5,12,0,0,1,0,1
90452,Rajagopal Sathish,9,24,230,270,16.88,117.39,0,0,2,27,22,6,139,233,3,77.67,10.06,46.33,0,0,16,8,14
90453,Rahul Sharma,9,19,75,66,6,88,0,0,10,14,5,3,928,1100,40,27.5,7.11,23.2,1,0,11,8,44
90454,Romario Shepherd,0,3,40,58,29,145,0,0,0,26,2,5,54,98,3,32.67,10.89,18,0,0,2,1,3
90455,Rahul Shukla,5,4,23,19,19,82.61,0,0,0,14,2,0,120,217,5,43.4,10.85,24,0,0,1,3,7
90456,Rahul Tewatia,8,46,565,738,25.45,130.62,1,0,1,53,57,35,830,1102,32,34.44,7.97,25.94,4,0,29,17,50
90457,Vinay Kumar,13,42,274,310,12.4,113.14,0,0,5,26,21,9,2127,3041,105,28.96,8.58,20.26,10,0,25,17,104
90458,Raj Angad Bawa,1,2,14,11,5.5,78.57,0,0,1,11,1,0,0,0,0,0,0,0,0,0,2,0,0
90459,Ravindra Jadeja,14,157,1948,2502,27.2,128.44,2,0,8,62,182,90,3205,4114,132,31.17,7.7,24.28,12,1,92,65,181
90460,Rahil Shaikh,1,0,0,0,0,0,0,0,0,0,0,0,6,11,0,11,11,6,0,0,0,0,1
90461,Rahul Tripathi,6,74,1273,1798,28.54,141.24,10,0,3,93,176,68,6,12,0,12,12,6,0,0,63,11,1
90462,Ramandeep Singh,2,4,39,45,22.5,115.38,0,0,0,14,3,1,36,55,6,9.17,9.17,6,1,0,2,2,3
90463,Rashid Khan,6,41,202,313,11.18,154.95,0,0,13,40,20,22,2208,2411,112,21.53,6.55,19.71,12,0,28,13,92
90464,Rasikh Salam Dar,2,2,10,12,12,120,0,0,0,7,1,0,48,70,0,70,8.75,48,0,0,1,1,3
90465,Ravi Bishnoi,0,4,17,8,4,47.06,0,0,1,6,1,0,846,1083,37,29.27,7.68,22.86,3,0,2,2,37
90466,Rahul Chahar,6,18,100,108,9,108,0,0,5,25,10,4,1180,1497,57,26.26,7.61,20.7,5,0,12,6,54
90467,Ruturaj Gaikwad,4,36,920,1207,38.94,131.2,11,1,4,101,113,43,0,0,0,0,0,0,0,0,31,5,0
90468,Richard Levi,1,6,73,83,13.83,113.7,1,0,2,50,10,4,0,0,0,0,0,0,0,0,6,0,0
90469,Roelof van der Merwe,7,15,141,159,14.45,112.77,0,0,0,35,11,8,443,515,21,24.52,6.98,21.1,1,0,11,4,21
90470,Ronit More,3,1,2,2,2,100,0,0,0,2,0,0,35,63,1,63,10.8,35,0,0,0,1,2
90471,Rohit Sharma,15,221,4514,5881,30.63,130.28,41,1,13,109,519,240,339,462,15,30.8,8.18,22.6,2,0,192,29,32
90472,Ryan Harris,5,21,111,117,9.75,105.41,0,0,2,17,6,3,832,1085,45,24.11,7.82,18.49,6,0,12,9,37
90473,Robin Peterson,1,5,30,32,10.67,106.67,0,0,1,16,3,1,48,70,3,23.33,8.75,16,1,0,3,2,4
90474,Rob Quiney,1,7,102,103,14.71,100.98,1,0,0,51,12,3,0,0,0,0,0,0,0,0,7,0,0
90475,Ricky Bhui,7,2,17,7,3.5,41.18,0,0,1,7,0,0,0,0,0,0,0,0,0,0,2,0,0
90476,Rinku Singh,6,15,193,251,20.92,130.05,0,0,0,42,23,9,0,0,0,0,0,0,0,0,12,3,0
90477,Rajat Patidar,2,11,279,404,40.4,144.8,3,1,0,112,30,21,0,0,0,0,0,0,0,0,10,1,0
90478,Ryan ten Doeschate,5,21,235,326,23.29,138.72,1,0,3,70,26,15,78,94,2,47,7.23,39,0,0,14,7,10
90479,Riley Meredith,2,1,1,0,0,0,0,0,1,0,0,0,270,412,12,34.33,9.16,22.5,0,0,0,1,13
90480,R. P. Singh,7,28,76,52,3.71,68.42,0,0,6,10,2,1,1775,2417,90,26.86,8.17,19.72,11,0,14,14,82
90481,Raju Bhatkal,3,1,2,0,0,0,0,0,1,0,0,0,12,35,0,35,17.5,12,0,0,1,0,1
90482,Ranadeb Bose,3,0,0,0,0,0,0,0,0,0,0,0,12,24,0,24,12,12,0,0,0,0,1
90483,Rishabh Pant,7,97,1919,2851,35.64,148.57,16,1,4,128,261,129,0,0,0,0,0,0,0,0,80,17,0
90484,Ramesh Powar,6,9,64,67,33.5,104.69,0,0,1,28,6,1,426,538,13,41.38,7.58,32.77,0,0,2,7,26
90485,Rohan Raje,2,5,18,20,20,111.11,0,0,0,11,1,1,139,214,6,35.67,9.24,23.17,0,0,1,4,10
90486,Rilee Rossouw,5,5,51,53,10.6,103.92,0,0,1,24,3,3,0,0,0,0,0,0,0,0,5,0,0
90487,Ramnaresh Sarwan,1,4,75,73,24.33,97.33,0,0,0,31,6,1,0,0,0,0,0,0,0,0,3,1,0
90488,Ravi Bopara,3,22,453,531,31.24,117.22,3,0,2,84,39,16,206,301,11,27.36,8.77,18.73,1,0,17,5,14
90489,Rohan Gavaskar,1,1,8,2,2,25,0,0,0,2,0,0,6,8,0,8,8,6,0,0,1,0,1
90490,Reetinder Singh Sodhi,1,1,2,4,4,200,0,0,0,4,1,0,0,0,0,0,0,0,0,0,0,1,0
90491,Ricky Ponting,3,9,128,91,11.38,71.09,0,0,3,28,5,2,0,0,0,0,0,0,0,0,8,1,0
90492,Raiphi Gomez,5,9,51,50,10,98.04,0,0,3,26,5,1,96,130,5,26,8.13,19.2,0,0,5,4,9
90493,Ripal Patel,2,3,30,31,15.5,103.33,0,0,0,18,3,1,18,22,0,22,7.33,18,0,0,2,1,1
90494,Robin Uthappa,15,197,3784,4954,28.31,130.92,27,0,8,88,481,182,0,0,0,0,0,0,0,0,175,22,0
90495,Ray Price,1,0,0,0,0,0,0,0,0,0,0,0,18,33,0,33,11,18,0,0,0,0,1
90496,Anirudha Srikkanth,6,12,112,136,17,121.43,1,0,2,64,9,7,0,0,0,0,0,0,0,0,8,4,0
90497,Sreenath Aravind,7,10,57,59,19.67,103.51,0,0,2,14,7,0,760,1057,45,23.49,8.34,16.89,3,0,3,7,38
90498,Samuel Badree,6,5,23,13,2.6,56.52,0,0,2,8,0,0,258,329,11,29.91,7.65,23.45,1,0,5,0,12
90499,Subramaniam Badrinath,7,65,1208,1441,31.33,119.29,11,0,6,71,154,28,0,0,0,0,0,0,0,0,46,19,0
90500,Shivnarine Chanderpaul,1,3,31,25,8.33,80.65,0,0,0,16,4,0,0,0,0,0,0,0,0,0,3,0,0
90501,Shikhar Dhawan,15,205,4925,6244,36.09,126.78,49,2,11,106,701,136,48,72,4,18,9,12,0,0,173,32,6
90502,Shivam Dube,4,33,515,688,25.48,133.59,3,0,1,95,46,38,106,176,4,44,9.96,26.5,0,0,27,6,13
90503,Shreyas Gopal,9,22,169,180,15,106.51,0,0,4,24,19,2,949,1291,49,26.35,8.16,19.37,5,0,12,10,48
90504,Siddarth Kaul,12,9,36,20,6.67,55.56,0,0,3,7,1,0,1209,1772,58,30.55,8.79,20.84,4,0,3,6,55
90505,Shivil Kaushik,2,1,1,0,0,0,0,0,1,0,0,0,204,304,6,50.67,8.94,34,1,0,1,0,10
90506,Sarabjit Ladda,7,2,9,0,0,0,0,0,2,0,0,0,138,225,5,45,9.78,27.6,0,0,1,1,9
90507,Sandeep Lamichhane,5,1,1,0,0,0,0,0,1,0,0,0,210,297,13,22.85,8.49,16.15,2,0,1,0,9
90508,Sudhesan Midhun,3,0,0,0,0,0,0,0,0,0,0,0,12,29,0,29,14.5,12,0,0,0,0,1
90509,Shahbaz Nadeem,12,20,87,39,2.79,44.83,0,0,7,6,2,0,1415,1800,48,37.5,7.63,29.48,1,0,14,6,70
90510,Sumit Narwal,7,4,27,37,12.33,137.04,0,0,1,23,6,0,106,203,5,40.6,11.49,21.2,1,0,3,1,6
90511,Sachin Rana,5,8,79,91,22.75,115.19,0,0,0,19,9,1,16,18,0,18,6.75,16,0,0,4,4,3
90512,Suraj Randiv,3,1,4,2,2,50,0,0,0,2,0,0,174,223,6,37.17,7.69,29,0,0,1,0,8
90513,Sandeep Warrier,7,0,0,0,0,0,0,0,0,0,0,0,102,135,2,67.5,7.94,51,0,0,0,0,5
90514,Sunny Sohal,5,20,289,368,20.44,127.34,2,0,3,62,34,18,0,0,0,0,0,0,0,0,18,2,0
90515,Sreesanth,7,12,55,34,11.33,61.82,0,0,6,15,6,0,880,1221,40,30.53,8.33,22,1,0,3,9,44
90516,Sridharan Sriram,2,2,36,31,15.5,86.11,0,0,0,27,3,0,18,49,0,49,16.33,18,0,0,2,0,2
90517,Sudeep Tyagi,6,1,4,3,3,75,0,0,0,3,0,0,209,304,6,50.67,8.73,34.83,0,0,0,1,14
90518,Vidyut Sivaramakrishnan,3,8,109,145,18.13,133.03,1,0,1,54,21,3,12,22,1,22,11,12,0,0,8,0,1
90519,Sean Abbott,3,3,18,22,11,122.22,0,0,0,14,1,2,54,104,1,104,11.56,54,0,0,2,1,3
90520,Swapnil Asnodkar,4,19,337,423,23.5,125.52,2,0,2,60,56,10,0,0,0,0,0,0,0,0,18,1,0
90521,Suryakumar Yadav,12,108,1925,2644,31.48,137.35,16,0,7,82,284,84,6,8,0,8,8,6,0,0,84,24,1
90522,Sachin Baby,4,11,115,144,16,125.22,0,0,1,33,11,5,10,8,2,4,4.8,5,0,0,9,2,2
90523,Salman Butt,1,7,160,193,27.57,120.63,1,0,0,73,30,2,0,0,0,0,0,0,0,0,7,0,0
90524,Sandeep Sharma,11,23,63,52,10.4,82.54,0,0,7,9,4,0,2318,3046,114,26.72,7.88,20.33,11,0,5,18,104
90525,Sanjay Bangar,3,7,58,49,8.17,84.48,0,0,0,17,1,3,150,221,4,55.25,8.84,37.5,0,0,6,1,9
90526,Shadab Jakati,9,5,29,28,28,96.55,0,0,0,13,3,0,1085,1474,47,31.36,8.15,23.09,2,0,1,4,57
90527,Sunil Joshi,2,2,14,6,3,42.86,0,0,0,3,0,0,55,82,1,82,8.95,55,0,0,2,0,4
90528,Scott Styris,5,10,132,131,18.71,99.24,0,0,0,36,10,3,216,278,8,34.75,7.72,27,1,0,7,3,11
90529,Shrikant Wagh,4,2,3,2,1,66.67,0,0,1,2,0,0,102,147,5,29.4,8.65,20.4,1,0,2,0,8
90530,Sourav Ganguly,5,56,1257,1349,25.94,107.32,7,0,4,91,137,42,276,370,10,37,8.04,27.6,0,0,52,4,20
90531,Scott Kuggeleijn,1,0,0,0,0,0,0,0,0,0,0,0,48,71,2,35.5,8.88,24,0,0,0,0,2
90532,Siddharth Chitnis,5,8,88,99,14.14,112.5,0,0,0,38,10,2,36,62,2,31,10.33,18,0,0,7,1,2
90533,Siddhesh Lad,7,1,13,15,15,115.38,0,0,0,15,1,1,0,0,0,0,0,0,0,0,1,0,0
90534,Shane Bond,1,1,2,1,1,50,0,0,0,1,0,0,186,225,9,25,7.26,20.67,0,0,1,0,8
90535,Shaun Marsh,11,69,1866,2489,40.8,133.39,21,1,1,115,269,78,0,0,0,0,0,0,0,0,61,8,0
90536,Sherfane Rutherford,4,9,104,106,15.14,101.92,0,0,0,28,3,8,41,60,1,60,8.78,41,0,0,7,2,6
90537,Shahbaz Ahmed,3,19,233,279,19.93,119.74,0,0,0,45,18,11,330,478,13,36.77,8.69,25.38,1,0,14,5,22
90538,Shahid Afridi,1,9,46,81,10.13,176.09,0,0,1,33,7,6,180,237,9,26.33,7.9,20,1,0,8,1,10
90539,Shakib Al Hasan,10,52,635,795,20.92,125.2,2,0,4,66,73,21,1484,1864,63,29.59,7.54,23.56,2,0,38,14,70
90540,Shashank Singh,4,5,47,69,17.25,146.81,0,0,0,25,5,4,12,20,0,20,10,12,0,0,4,1,2
90541,Shivam Mavi,5,11,56,51,5.67,91.07,0,0,3,20,4,2,649,958,30,31.93,8.86,21.63,1,0,9,2,32
90542,Shivam Sharma,2,2,3,5,5,166.67,0,0,0,4,1,0,114,165,4,41.25,8.68,28.5,0,0,1,1,5
90543,Shoaib Ahmed,1,3,6,1,0.5,16.67,0,0,2,1,0,0,102,154,5,30.8,9.06,20.4,0,0,2,1,7
90544,Shoaib Akhtar,1,1,7,2,2,28.57,0,0,0,2,0,0,42,54,5,10.8,7.71,8.4,1,0,1,0,3
90545,Shoaib Malik,1,5,46,52,13,113.04,0,0,0,24,5,0,51,87,2,43.5,10.24,25.5,0,0,4,1,5
90546,Shubman Gill,5,70,1511,1900,33.33,125.74,14,0,3,96,188,47,0,0,0,0,0,0,0,0,57,13,0
90547,Simarjeet Singh,2,3,8,7,7,87.5,0,0,0,3,0,0,108,143,4,35.75,7.94,27,0,0,1,2,6
90548,Shalabh Srivastava,3,4,5,5,5,100,0,0,1,3,0,0,282,444,14,31.71,9.45,20.14,0,0,1,3,14
90549,Suresh Raina,14,200,4025,5536,34.39,137.54,40,1,8,100,506,204,908,1139,25,45.56,7.53,36.32,0,0,161,39,69
90550,Siddharth Trivedi,6,14,58,42,6,72.41,0,0,3,9,3,1,1506,1944,65,29.91,7.75,23.17,5,0,7,7,75
90551,Shane Warne,4,27,213,198,11.65,92.96,0,0,5,34,14,6,1194,1465,57,25.7,7.36,20.95,5,0,17,10,54
90552,Lasith Malinga,12,20,99,88,8,88.89,0,0,6,17,6,5,2828,3486,170,20.51,7.4,16.64,18,1,11,9,122
90553,Scott Boland,1,0,0,0,0,0,0,0,0,0,0,0,42,56,2,28,8,21,0,0,0,0,2
90554,Sam Curran,3,23,225,337,22.47,149.78,2,0,4,55,30,18,648,1005,32,31.41,9.31,20.25,5,0,15,8,31
90555,Shane Harwood,0,2,13,9,9,69.23,0,0,0,6,0,0,60,74,3,24.67,7.4,20,0,0,0,2,3
90556,Simon Katich,3,11,185,241,26.78,130.27,2,0,1,75,25,8,0,0,0,0,0,0,0,0,9,2,0
90557,Shaun Pollock,1,8,111,147,18.38,132.43,0,0,2,33,12,8,276,307,11,27.91,6.67,25.09,1,0,8,0,13
90558,Sachithra Senanayake,1,4,16,10,10,62.5,0,0,1,7,0,0,192,211,9,23.44,6.59,21.33,0,0,1,3,8
90559,Sarfaraz Khan,8,32,383,532,24.18,138.9,1,0,3,67,59,13,2,6,0,6,18,2,0,0,22,10,1
90560,Shardul Thakur,9,23,133,173,12.36,130.08,0,0,4,29,12,8,1550,2371,82,28.91,9.18,18.9,7,0,14,9,74
90561,Shimron Hetmyer,4,43,543,831,31.96,153.04,3,0,2,75,55,52,0,0,0,0,0,0,0,0,26,17,0
90562,Sohail Tanvir,1,5,28,36,12,128.57,0,0,0,13,3,1,247,275,22,12.5,6.68,11.23,4,1,3,2,11
90563,Stephen Fleming,1,10,162,196,21.78,120.99,0,0,1,45,27,3,0,0,0,0,0,0,0,0,9,1,0
90564,Shreevats Goswami,10,21,293,293,15.42,100,1,0,4,52,32,3,0,0,0,0,0,0,0,0,19,2,0
90565,Sheldon Jackson,6,8,57,61,10.17,107.02,0,0,1,16,5,1,0,0,0,0,0,0,0,0,6,2,0
90566,Sunil Narine,11,82,629,1025,16.02,162.96,4,0,12,75,112,63,3463,3907,152,25.7,6.77,22.78,13,1,64,18,147
90567,Steve Smith,13,93,1931,2495,35.64,129.21,12,1,0,101,226,60,2,5,0,5,15,2,0,0,70,23,1
90568,Sachin Tendulkar,6,78,1941,2334,34.84,120.25,14,1,4,100,295,29,36,59,0,59,9.83,36,0,0,67,11,4
90569,Shane Watson,0,141,2801,3880,31.54,138.52,25,4,7,117,377,190,2029,2742,92,29.8,8.11,22.05,8,0,123,18,105
90570,Shubham Agarwal,1,0,0,0,0,0,0,0,0,0,0,0,24,42,1,42,10.5,24,0,0,0,0,1
90571,Sheldon Cottrell,1,1,2,0,0,0,0,0,1,0,0,0,120,177,6,29.5,8.85,20,0,0,1,0,6
90572,Shreyas Iyer,8,100,2210,2780,31.95,125.79,19,0,5,96,238,99,6,7,0,7,7,6,0,0,87,13,1
90573,Shrikant Mundhe,2,0,0,0,0,0,0,0,0,0,0,0,6,6,1,6,6,6,0,0,0,0,1
90574,Suyash Prabhudessai,2,5,58,67,13.4,115.52,0,0,0,34,7,2,0,0,0,0,0,0,0,0,5,0,0
90575,Soumya Sarkar,0,0,0,0,0,0,0,0,0,0,0,0,25,34,1,34,8.16,25,0,0,0,0,2
90576,Shoaib Shaikh,1,1,7,6,6,85.71,0,0,0,6,1,0,0,0,0,0,0,0,0,0,0,1,0
90577,Saurabh Tiwary,14,73,1235,1494,30.49,120.97,8,0,1,61,111,50,0,0,0,0,0,0,0,0,49,24,0
90578,Sanath Jayasuriya,3,30,529,768,27.43,145.18,5,1,2,114,84,39,294,396,13,30.46,8.08,22.62,1,0,28,2,21
90579,Stuart Binny,10,66,682,880,20.47,129.03,0,0,7,48,66,35,594,763,22,34.68,7.71,27,0,0,43,23,63
90580,Sunny Gupta,2,1,1,0,0,0,0,0,1,0,0,0,18,47,0,47,15.67,18,0,0,1,0,1
90581,Sunny Singh,3,5,31,43,10.75,138.71,0,0,0,20,6,1,0,0,0,0,0,0,0,0,4,1,0
90582,Sanju Samson,11,133,2588,3526,30.14,136.24,20,3,7,119,279,158,0,0,0,0,0,0,0,0,117,16,0
90583,Sam Billings,6,27,385,503,19.35,130.65,3,0,3,56,40,20,0,0,0,0,0,0,0,0,26,1,0
90584,Shaun Tait,6,5,26,23,7.67,88.46,0,0,1,11,1,1,473,668,23,29.04,8.47,20.57,4,0,3,2,21
90585,Swapnil Singh,3,3,20,12,4,60,0,0,1,10,0,0,60,90,1,90,9,60,0,0,3,0,5
90586,Tom Banton,1,2,20,18,9,90,0,0,0,10,1,1,0,0,0,0,0,0,0,0,2,0,0
90587,Tyron Henderson,1,2,15,11,11,73.33,0,0,1,11,0,1,36,41,1,41,6.83,36,0,0,1,1,2
90588,Taruwar Kohli,3,3,19,11,3.67,57.89,0,0,0,7,0,1,0,0,0,0,0,0,0,0,3,0,0
90589,T Natarajan,6,2,5,3,3,60,0,0,1,3,0,0,759,1116,38,29.37,8.82,19.97,2,0,0,2,35
90590,Tabraiz Shamsi,3,1,4,2,2,50,0,0,0,2,0,0,120,185,3,61.67,9.25,40,0,0,0,1,5
90591,Tristan Stubbs,0,2,4,2,2,50,0,0,1,2,0,0,0,0,0,0,0,0,0,0,1,1,0
90592,Tatenda Taibu,1,3,26,31,10.33,119.23,0,0,0,15,3,0,0,0,0,0,0,0,0,0,3,0,0
90593,Thilan Thushara,2,4,18,12,6,66.67,0,0,0,8,0,0,135,164,8,20.5,7.29,16.88,0,0,2,2,6
90594,Trent Boult,8,14,48,53,10.6,110.42,0,0,3,17,2,2,1793,2522,92,27.41,8.44,19.49,6,0,5,9,78
90595,Tim Paine,1,2,26,10,5,38.46,0,0,0,8,0,0,0,0,0,0,0,0,0,0,2,0,0
90596,Tejas Baroka,3,0,0,0,0,0,0,0,0,0,0,0,21,33,0,33,9.43,21,0,0,0,0,1
90597,Tim Southee,9,19,106,120,10.91,113.21,0,0,3,36,8,4,1170,1695,45,37.67,8.69,26,4,0,11,8,52
90598,Tim David,2,9,89,187,31.17,210.11,0,0,0,46,12,16,0,0,0,0,0,0,0,0,6,3,0
90599,Tilak Varma,1,14,302,397,39.7,131.46,2,0,1,61,29,16,12,13,0,13,6.5,12,0,0,10,4,2
90600,Tom Curran,3,10,107,127,25.4,118.69,1,0,1,54,10,3,238,432,13,33.23,10.89,18.31,1,0,5,5,13
90601,Tim Seifert,0,3,23,26,8.67,113.04,0,0,0,21,4,0,0,0,0,0,0,0,0,0,3,0,0
90602,Tirumalasetti Suman,6,39,573,676,22.53,117.98,2,0,3,78,55,26,150,198,6,33,7.92,25,0,0,30,9,11
90603,Tillakaratne Dilshan,6,50,1001,1153,28.83,115.18,9,0,6,76,140,24,271,368,5,73.6,8.15,54.2,0,0,40,10,25
90604,Travis Head,3,10,147,205,34.17,139.46,1,0,1,75,12,8,48,81,2,40.5,10.13,24,0,0,6,4,5
90605,Tanmay Srivastava,5,3,11,8,8,72.73,0,0,1,7,0,0,0,0,0,0,0,0,0,0,1,2,0
90606,TP Sudhindra,1,0,0,0,0,0,0,0,0,0,0,0,70,137,1,137,11.74,70,0,0,0,0,3
90607,Travis Birt,2,5,57,75,15,131.58,0,0,0,27,9,2,0,0,0,0,0,0,0,0,5,0,0
90608,Tymal Mills,2,5,14,8,2,57.14,0,0,3,6,0,1,209,349,11,31.73,10.02,19,1,0,4,1,10
90609,Tushar Deshpande,3,2,12,21,21,175,0,0,0,20,2,1,144,260,4,65,10.83,36,0,0,1,1,7
90610,Uday Kaul,3,1,1,0,0,0,0,0,1,0,0,0,0,0,0,0,0,0,0,0,0,1,0
90611,Udit Birla,1,1,14,7,7,50,0,0,0,7,1,0,0,0,0,0,0,0,0,0,1,0,0
90612,Unmukt Chand,6,20,299,300,15,100.33,1,0,4,58,32,9,0,0,0,0,0,0,0,0,20,0,0
90613,Umar Gul,1,4,19,39,13,205.26,0,0,0,24,1,5,135,198,12,16.5,8.8,11.25,2,0,3,1,6
90614,Umran Malik,2,4,8,4,4,50,0,0,2,3,0,0,368,551,24,22.96,8.98,15.33,3,1,1,3,17
90615,Usman Khawaja,2,6,99,127,25.4,128.28,0,0,0,30,14,3,0,0,0,0,0,0,0,0,5,1,0
90616,Umesh Yadav,14,41,168,177,10.41,105.36,0,0,10,24,15,8,2817,4041,135,29.93,8.61,20.87,16,0,17,24,132
90617,Virat Kohli,15,215,5115,6634,36.65,129.7,50,5,9,113,580,218,251,371,4,92.75,8.87,62.75,0,0,181,34,26
90618,Veer Pratap Singh,5,1,1,0,0,0,0,0,1,0,0,0,204,300,10,30,8.82,20.4,0,0,1,0,9
90619,Virender Sehwag,8,104,1740,2728,28.72,156.78,18,2,7,122,334,106,136,236,6,39.33,10.41,22.67,0,0,95,9,15
90620,Vijay Shankar,9,41,598,731,24.37,122.24,3,0,2,63,46,28,238,344,9,38.22,8.67,26.44,0,0,30,11,22
90621,Vaibhav Arora,3,4,13,5,2.5,38.46,0,0,1,2,0,0,107,165,3,55,9.25,35.67,0,0,2,2,5
90622,Vijay Zol,4,2,26,29,14.5,111.54,0,0,0,16,3,1,0,0,0,0,0,0,0,0,2,0,0
90623,Virat Singh,2,2,26,15,7.5,57.69,0,0,0,11,1,0,0,0,0,0,0,0,0,0,2,0,0
90624,Vishnu Vinod,3,3,26,19,6.33,73.08,0,0,0,9,1,1,0,0,0,0,0,0,0,0,3,0,0
90625,Varun Aaron,11,12,71,50,12.5,70.42,0,0,4,17,2,2,994,1527,44,34.7,9.22,22.59,1,0,4,8,50
90626,Venkatesh Iyer,2,22,457,552,27.6,120.79,5,0,1,67,54,21,75,117,3,39,9.36,25,0,0,20,2,8
90627,V. R. V. Singh,3,2,3,4,4,133.33,0,0,1,4,1,0,360,549,12,45.75,9.15,30,1,0,1,1,18
90628,Vikramjeet Malik,9,2,7,7,7,100,0,0,0,6,1,0,205,268,6,44.67,7.84,34.17,0,0,1,1,13
90629,Vikrant Yeligati,1,1,2,2,2,100,0,0,0,2,0,0,30,61,0,61,12.2,30,0,0,1,0,2
90630,V.V.S. Laxman,4,20,266,282,17.63,106.02,1,0,4,52,33,5,0,0,0,0,0,0,0,0,16,4,0
90631,Yo Mahesh,7,5,27,15,7.5,55.56,0,0,1,6,0,0,339,511,21,24.33,9.04,16.14,2,0,2,3,17
90632,Wasim Jaffer,2,8,121,130,18.57,107.44,1,0,1,50,14,3,0,0,0,0,0,0,0,0,7,1,0
90633,Wilkin Mota,2,8,75,56,11.2,74.67,0,0,0,25,2,0,72,98,4,24.5,8.17,18,0,0,5,3,7
90634,Washington Sundar,6,32,263,318,14.45,120.91,0,0,3,40,26,9,918,1116,33,33.82,7.29,27.82,2,0,22,10,49
90635,Wayne Parnell,6,12,75,63,7,84,0,0,0,16,4,1,572,731,26,28.12,7.67,22,2,0,9,3,26
90636,Wriddhiman Saha,15,117,1896,2427,26.1,128.01,12,1,5,115,231,76,0,0,0,0,0,0,0,0,93,24,0
90637,Chaminda Vaas,3,11,72,81,11.57,112.5,0,0,3,20,2,3,282,364,18,20.22,7.74,15.67,1,0,7,4,13
90638,Thalaivan Sargunam,1,1,17,10,10,58.82,0,0,0,10,0,0,0,0,0,0,0,0,0,0,1,0,0
90639,Gnaneswara Rao,1,1,17,19,19,111.76,0,0,0,19,3,0,6,7,0,7,7,6,0,0,1,0,1
90640,Yogesh Nagar,6,20,259,285,20.36,110.04,0,0,3,44,20,9,66,125,4,31.25,11.36,16.5,0,0,14,6,8
90641,Prithvi Raj,3,1,1,0,0,0,0,0,1,0,0,0,30,57,1,57,11.4,30,0,0,0,1,2
90642,Venugopal Rao,0,52,832,985,23.45,118.39,3,0,3,71,77,37,216,338,6,56.33,9.39,36,0,0,42,10,20
90643,Yusuf Abdulla,2,1,1,0,0,0,0,0,1,0,0,0,209,311,15,20.73,8.93,13.93,3,0,0,1,11
90644,Yash Dayal,1,1,1,0,0,0,0,0,1,0,0,0,192,296,11,26.91,9.25,17.45,1,0,1,0,9
90645,Yashpal Singh,3,4,65,47,11.75,72.31,0,0,0,20,5,0,0,0,0,0,0,0,0,0,4,0,0
90646,Yashasvi Jaiswal,3,23,403,547,23.78,135.73,3,0,2,68,62,22,1,6,0,6,36,1,0,0,23,0,1
90647,Yusuf Pathan,13,153,2233,3222,30.69,144.29,15,1,10,100,263,160,1147,1443,42,34.36,7.55,27.31,3,0,105,48,82
90648,Younis Khan,1,1,7,3,3,42.86,0,0,0,3,0,0,0,0,0,0,0,0,0,0,1,0,0
90649,Yuzvendra Chahal,12,17,86,37,6.17,43.02,0,0,3,8,0,0,2856,3699,166,22.28,7.77,17.2,14,1,6,11,130
90650,Yuvraj Singh,12,126,2115,2754,25.74,130.21,13,0,4,83,218,149,869,1091,36,30.31,7.53,24.14,4,0,107,19,73
90651,Yogesh Takawale,5,10,177,192,24,108.47,0,0,2,45,26,3,0,0,0,0,0,0,0,0,8,2,0
90652,Zaheer Khan,10,27,140,117,8.36,83.57,0,0,6,23,11,2,2200,2860,102,28.04,7.8,21.57,9,0,14,13,99
