Player,PID,Nationality,2008,2009,2010,2011,2012,2013,2014,2015,2016,2017,2018,2019,2020,2021,2022
Aakash Chopra,90004,80006,50004,50004,0,50001,50001,0,0,0,0,0,0,0,0,0,0
Aamir Kaleem,90653,80012,0,0,0,0,0,0,0,0,50009,0,0,0,0,0,0
Aaron Finch,90046,80002,0,0,50001,50008,50008,50014,50006,50005,50012,50012,50009,0,50010,0,0
Aaron Phangiso,90654,80016,0,0,0,0,0,0,0,0,50005,0,0,0,0,0,0
Aavishkar Salvi,90055,80006,0,50008,50008,50008,50008,50008,0,0,0,0,0,0,0,0,0
AB de Villiers,90028,80016,50008,50008,50008,50010,50010,50010,50010,50010,50010,50010,50010,50010,50010,50010,0
Abdul Samad,90031,80006,0,0,0,0,0,0,0,0,0,0,0,0,50006,50006,50006
Abdulahad Malek,90655,80006,0,50001,0,0,0,0,0,0,0,0,0,0,0,0,0
Abdur Razzak,90032,80003,50010,0,0,0,0,0,0,0,0,0,0,0,0,0,0
Abhimanyu Easwaran,90656,80006,0,0,0,0,0,0,0,0,0,0,0,0,0,50005,50004
Abhimanyu Mithun,90011,80006,0,50010,50010,50010,50010,50010,0,50005,50006,50006,0,0,50008,0,0
Abhinav Kumar,90657,80006,0,50002,0,0,0,0,0,0,0,0,0,0,0,0,0
Abhinav Mukund,90012,80006,50003,50003,50003,50003,50003,50010,0,0,0,0,0,0,0,0,0
Abhinav Sadarangani,90658,80006,0,0,0,0,0,0,0,0,0,0,0,0,0,0,50007
Abhishek Jhunjhunwala,90023,80006,0,0,50001,50014,50002,50008,50008,0,0,0,0,0,0,0,0
Abhishek Nayar,90053,80006,50005,50005,50005,50009,50009,50014,50001,50001,0,0,0,0,0,0,0
Abhishek Raut,90074,80006,50001,50001,50001,50001,50001,50001,0,0,0,0,0,0,0,0,0
Abhishek Sharma,90033,80006,0,0,0,0,0,0,0,0,0,0,50008,50006,50006,50006,50006
Abrar Kazi,90024,80006,0,0,0,50010,0,0,0,0,0,0,0,0,0,0,0
Abu Nechim Ahmed,90057,80006,0,50005,50005,50005,50005,50005,50010,50010,50010,0,0,0,0,0,0
Adam Gilchrist,90035,80002,50002,50002,50002,50009,50009,50009,0,0,0,0,0,0,0,0,0
Adam Milne,90043,80011,0,0,0,0,0,0,0,50010,50010,50010,50005,50005,0,50005,50003
Adam Voges,90037,80002,0,0,50001,0,0,0,0,0,0,0,0,0,0,0,0
Adam Zampa,90020,80002,0,0,0,0,0,0,0,0,50015,50015,0,0,50010,50010,0
Aditya Angle,90659,80006,50001,50001,0,0,0,0,0,0,0,0,0,0,0,0,0
Aditya Dole,90066,80006,0,50001,50001,50001,50001,50001,0,0,0,0,0,0,0,0,0
Aditya Garhwal,90660,80006,0,0,0,0,0,0,0,50004,0,0,0,0,0,0,0
Aditya Tare,90068,80006,0,0,50005,50005,50005,50005,50005,50005,50006,50008,50005,50005,50005,50005,0
Adrian Barath,90027,80020,0,0,50009,0,0,0,0,0,0,0,0,0,0,0,0
Agnivesh Ayachi,90661,80006,0,0,0,0,0,0,0,0,0,0,0,50009,0,0,0
Ahsan Malik,90662,80010,0,0,0,0,0,0,0,0,50006,50006,0,0,0,0,0
Aiden Blizzard,90034,80002,0,0,0,50005,50005,50005,0,50005,0,0,0,0,0,0,0
Ajantha Mendis,90096,80017,50004,50004,50004,0,0,50014,0,0,0,0,0,0,0,0,0
Ajay Lalcheta,90663,80012,0,0,0,0,0,0,0,0,50015,0,0,0,0,0,0
Ajinkya Rahane,90054,80006,50005,50005,50005,50001,50001,50001,50001,50001,50015,50015,50001,50001,50008,50008,50004
Ajit Agarkar,90026,80006,50004,50004,50004,50008,50008,50008,0,0,0,0,0,0,0,0,0
Ajit Chandila,90003,80006,0,0,0,50008,50001,50001,0,0,0,0,0,0,0,0,0
Ajitesh Argal,90664,80006,50009,50009,0,0,0,0,0,0,0,0,0,0,0,0,0
Akash Bhandari,90665,80006,0,0,0,50002,50002,0,0,0,0,0,0,0,0,0,0
Akash Deep,90050,80006,0,0,0,0,0,0,0,0,0,0,0,0,0,50010,50010
Akash Madhwal,90666,80006,0,0,0,0,0,0,0,0,0,0,0,0,0,0,50005
Akash Singh,90051,80006,0,0,0,0,0,0,0,0,0,0,0,0,50001,50001,0
Akhil Herwadkar,90667,80006,0,0,0,0,0,0,0,50009,dd,0,0,0,0,0,0
Akila Dananjaya,90006,80017,0,0,0,0,0,50003,0,0,0,0,50005,0,0,0,0
Akshath Reddy,90419,80006,0,0,0,0,50002,50006,0,0,0,0,0,0,0,0,0
Akshay Karnewar,90668,80006,0,0,0,0,0,0,0,0,50010,0,0,0,0,0,0
Akshay Wakhare,90669,80006,0,0,0,0,0,0,0,50005,50005,0,0,0,0,0,0
Akshdeep Nath,90041,80006,0,0,0,0,0,0,0,0,50012,50012,50009,50010,50008,50008,0
Al Amin Hossain,90670,80003,0,0,0,0,0,0,0,0,50008,0,0,0,0,0,0
Alasdair Evans,90671,80014,0,0,0,0,0,0,0,0,50004,50005,0,0,0,0,0
Albie Morkel,90232,80016,50003,50003,50003,50003,50003,50003,50010,50008,50015,0,0,0,0,0,0
Alex Carey,90077,80002,0,0,0,0,0,0,0,0,0,0,0,0,50008,0,0
Alex Hales,90038,80004,0,0,0,0,0,0,0,50005,50008,0,50006,0,0,50003,50004
Alfonso Thomas,90036,80016,0,0,0,50014,50014,0,0,0,0,0,0,0,0,0,0
Ali Khan,90672,80019,0,0,0,0,0,0,0,0,0,0,0,0,50004,0,0
Ali Murtaza,90044,80006,0,0,50005,50005,50014,50014,0,50006,50006,50006,0,0,0,0,0
Alzarri Joseph,90072,80020,0,0,0,0,0,0,0,0,0,0,0,50005,0,0,50007
Aman Hakim Khan,90056,80006,0,0,0,0,0,0,0,0,0,0,0,0,0,0,50004
Amanpreet Singh,90673,80006,0,50009,50009,0,0,0,0,0,0,0,0,0,0,0,0
Ambati Rayudu,90078,80006,0,0,50005,50005,50005,50005,50005,50005,50005,50005,50003,50003,50003,50003,50003
Amir Ali,90674,80012,0,0,0,0,0,0,0,0,50004,0,0,0,0,0,0
Amir Hamza Hotak,90675,80001,0,0,0,0,0,0,0,0,50005,0,0,0,0,0,0
Amit Mishra,90010,80006,50008,50008,50008,50002,50002,50006,50006,50008,50008,50008,50008,50008,50008,50008,0
Amit Mishra,90010,80006,0,0,0,0,0,0,50001,0,50012,0,0,0,0,0,0
Amit Paunikar,90045,80006,0,0,50001,50001,50001,0,50006,0,0,0,0,0,0,0,0
Amit Singh,90676,80006,0,50001,50001,50001,50001,50001,0,0,0,0,0,0,0,0,0
Amit Uniyal,90019,80006,0,0,50001,50005,50005,50005,0,0,0,0,0,0,0,0,0
Amit Yadav,90677,80006,0,0,0,50009,50009,0,0,0,0,0,0,0,0,0,0
Amitoze Singh,90678,80006,0,0,0,0,50005,50005,0,0,0,0,0,0,0,0,0
Anand Rajan,90059,80006,0,0,0,50002,50002,50006,0,0,0,0,0,0,0,0,0
Andre Fletcher,90679,80020,0,0,0,0,0,0,0,0,50006,0,0,0,0,0,0
André Nel,90014,80016,50005,0,0,0,0,0,0,0,0,0,0,0,0,0,0
Andre Russell,90042,80020,0,0,0,0,50008,50008,50004,50004,50004,50004,50004,50004,50004,50004,50004
Andrew Flintoff,90007,80004,0,50003,0,0,0,0,0,0,0,0,0,0,0,0,0
Andrew McBrine,90680,80007,0,0,0,0,0,0,0,0,50006,50004,0,0,0,0,0
Andrew McDonald,90030,80002,0,50008,50008,50008,50010,50010,0,0,0,0,0,0,0,0,0
Andrew Symonds,90017,80002,50002,50002,50002,50005,0,0,0,0,0,0,0,0,0,0,0
Andrew Tye,90048,80002,0,0,0,0,0,0,0,50003,50012,50012,50009,50009,50001,50001,50011
Aneeshwar Gautam,90681,80006,0,0,0,0,0,0,0,0,0,0,0,0,0,0,50010
Angelo Mathews,90040,80017,0,50004,50004,50014,50014,50014,0,50008,0,50008,0,0,0,0,0
Aniket Choudhary,90005,80006,0,0,0,0,0,50009,0,0,0,50010,50010,0,0,0,0
Anil Kumble,90008,80006,50010,50010,50010,0,0,0,0,0,0,0,0,0,0,0,0
Aniruddha Joshi,90682,80006,0,0,0,0,0,0,0,0,0,0,50010,0,50001,50008,0
Anirudh Singh,90060,80006,0,0,50002,0,0,0,0,0,0,0,0,0,0,0,0
Anirudha Srikkanth,90496,80006,50003,0,50003,50003,50003,50003,50006,0,0,0,0,0,0,0,0
Ankeet Chavan,90022,80006,50005,0,0,50001,50001,50001,0,0,0,0,0,0,0,0,0
Ankit Bawne,90069,80006,0,0,0,0,0,0,0,0,0,50008,0,50006,0,0,0
Ankit Rajpoot,90073,80006,0,0,0,0,0,50003,50003,50003,50004,50004,50009,50009,50001,50006,50011
Ankit Sharma,90061,80006,0,0,0,50002,50002,50006,50001,50001,50015,50015,50001,0,0,50010,0
Ankit Soni,90062,80006,0,0,0,0,0,0,0,0,0,50012,0,0,0,0,0
Ankush Bains,90683,80006,0,0,0,0,0,0,50001,50003,50015,50015,0,50008,0,0,0
Anmolpreet Singh,90063,80006,0,0,0,0,0,0,0,0,0,0,0,50005,50005,50005,50005
Anrich Nortje,90015,80016,0,0,0,0,0,0,0,0,0,0,0,50004,50008,50008,50008
Ansh Patel,90684,80006,0,0,0,0,0,0,0,0,0,0,0,0,0,0,50009
Anshuman Rath,90685,80005,0,0,0,0,0,0,0,0,50005,50005,0,0,0,0,0
Anuj Rawat,90064,80006,0,0,0,0,0,0,0,0,0,0,0,0,50001,50001,50010
Anukul Roy,90075,80006,0,0,0,0,0,0,0,0,0,0,50005,50005,50005,50005,50004
Anunay Singh,90686,80006,0,0,0,0,0,0,0,0,0,0,0,0,0,0,50001
Anup Revandkar,90687,80006,50001,50001,0,0,0,0,0,0,0,0,0,0,0,0,0
Anureet Singh,90016,80006,0,50004,0,0,0,0,50009,50009,50009,50009,50001,0,0,0,0
Anustup Majumdar,90067,80006,0,0,0,0,50014,50014,0,0,0,0,0,0,0,0,0
Apoorv Wankhade,90688,80006,0,0,0,0,50005,0,50005,0,0,0,50004,0,0,50008,50011
Arindam Ghosh,90058,80006,0,50004,0,0,0,0,0,0,0,0,0,0,0,0,0
Arisht Singhvi,90689,80006,0,0,0,0,0,50008,0,0,0,0,0,0,0,0,0
Arjun Tendulkar,90690,80006,0,0,0,0,0,0,0,0,0,0,0,0,0,50005,50005
Arjun Yadav,90076,80006,50002,50002,50002,50002,50002,0,0,0,0,0,0,0,0,0,0
Armaan Jaffer,90691,80006,0,0,0,0,0,0,0,0,50009,50009,0,50005,50005,50005,0
Arshdeep Singh,90071,80006,0,0,0,0,0,0,0,0,0,0,0,50009,50009,50009,50009
Aryaman Birla,90692,80006,0,0,0,0,0,0,0,0,0,0,50001,50001,0,0,0
Aryan Juyal,90693,80006,0,0,0,0,0,0,0,0,0,0,0,0,0,0,50005
Asad Pathan,90080,80006,0,0,0,50010,50010,0,0,0,0,0,0,0,0,0,0
Asela Gunaratne,90694,80017,0,0,0,0,0,0,0,0,0,50005,0,0,0,0,0
Asghar Afghan,90695,80001,0,0,0,0,0,0,0,0,50006,0,0,0,0,0,0
Ashish Nehra,90013,80006,50005,50008,50008,50014,50014,50008,50003,50003,50006,50006,0,0,0,0,0
Ashish Reddy,90001,80006,0,0,50002,50002,50002,50006,50006,50006,50006,0,0,0,0,50008,0
Ashley Noffke,90025,80002,50010,0,0,0,0,0,0,0,0,0,0,0,0,0,0
Ashok Dinda,90029,80006,50004,50004,50004,50008,50014,50014,50010,50010,50015,50015,0,0,0,0,0
Ashok Menaria,90052,80006,0,0,0,50001,50001,50001,0,50009,0,0,0,0,0,0,0
Ashok Sharma,90696,80006,0,0,0,0,0,0,0,0,0,0,0,0,0,0,50004
Ashraf Makda,90697,80006,0,50001,0,0,0,0,0,0,0,0,0,0,0,0,0
Ashton Turner,90047,80002,0,0,0,0,0,0,0,0,0,0,0,50001,0,0,0
Ashwell Prince,90698,80016,50005,0,0,0,0,0,0,0,0,0,0,0,0,0,0
Ashwin Hebbar,90699,80006,0,0,0,0,0,0,0,0,0,0,0,0,0,0,50008
Atharva Taide,90700,80006,0,0,0,0,0,0,0,0,0,0,0,0,0,0,50009
Atul Sharma,90701,80006,0,50001,0,0,0,0,0,0,0,0,0,0,0,0,0
Avesh Khan,90081,80006,0,0,0,0,0,0,0,0,0,50010,50008,50008,50008,50008,50011
Avijeet Tomar,90018,80006,0,0,0,0,0,0,0,0,0,0,0,0,0,0,50004
Axar Patel,90070,80006,0,0,0,0,0,50005,50009,50009,50009,50009,50009,50008,50008,50008,50008
Ayush Badoni,90002,80006,0,0,0,0,0,0,0,0,0,0,0,0,50010,50010,50011
Azhar Bilakhia,90021,80006,0,50002,50002,0,0,0,0,0,0,0,0,0,0,0,0
Azhar Mehmood,90702,80004,50009,50009,50009,50009,50009,50009,0,50004,0,0,0,0,0,0,0
B Sai Sudharshan,90090,80006,0,0,0,0,0,0,0,0,0,0,0,0,0,0,50007
Baba Aparajith,90703,80006,0,0,0,0,0,50003,50003,50003,50015,50015,0,0,0,0,0
Baba Indrajith,90086,80006,0,0,0,0,0,0,0,0,0,0,0,0,0,0,50004
Babar Hayat,90704,80005,0,0,0,0,0,0,0,0,50004,0,0,0,0,0,0
Balachandra Akhil,90083,80006,50010,50010,50010,50013,0,0,0,0,0,0,0,0,0,0,0
Baltej Singh,90705,80006,0,0,0,0,0,0,0,0,0,0,0,0,0,0,50009
Bandaru Ayyappa,90706,80006,0,0,0,0,0,0,0,0,0,0,0,50008,0,0,50006
Barinder Sran,90099,80006,0,0,0,0,0,0,0,50001,50006,50006,50009,50005,50004,50004,50007
Basil Thampi,90095,80006,0,0,0,0,0,0,0,0,0,50012,50006,50006,50006,50006,50005
Bavanaka Sandeep,90707,80006,0,0,0,0,0,0,0,0,0,0,0,0,50006,0,0
Ben Cooper,90708,80010,0,0,0,0,0,0,0,0,50008,0,0,0,0,0,0
Ben Cutting,90100,80002,0,0,0,0,50009,0,50001,50001,50006,50006,50005,50005,0,50004,0
Ben Dunk,90107,80002,0,0,0,0,0,0,50005,0,0,0,0,0,0,0,0
Ben Dwarshuis,90709,80002,0,0,0,0,0,0,0,0,0,0,50009,0,0,50008,0
Ben Hilfenhaus,90108,80002,0,0,0,50003,50003,50003,50003,50005,0,50008,0,0,0,0,0
Ben Laughlin,90088,80002,0,0,0,0,0,50003,0,0,0,50006,50001,0,0,0,0
Ben Rohrer,90105,80002,0,0,0,0,0,50008,0,0,0,0,0,0,0,0,0
Ben Stokes,90094,80004,0,0,0,0,0,0,0,0,0,50015,50001,50001,50001,50001,0
Benny Howell,90710,80004,0,0,0,0,0,0,0,0,0,0,0,0,0,0,50009
Beuran Hendricks,90101,80016,0,0,0,0,0,0,50009,50009,0,0,0,50005,0,0,0
Bhanuka Rajapaksa,90422,80017,0,0,0,0,0,0,0,0,0,0,0,0,0,0,50009
Bharat Chipli,90084,80006,50010,50010,0,50002,50002,50008,0,0,0,0,0,0,0,0,0
Bhargav Bhatt,90093,80006,0,0,0,50009,50009,50009,0,0,0,0,0,0,0,0,0
Bhuvneshwar Kumar,90087,80006,0,50010,50010,50014,50014,50014,50006,50006,50006,50006,50006,50006,50006,50006,50006
Bilal Khan,90711,80012,0,0,0,0,0,0,0,0,50008,0,0,0,0,0,0
Billy Stanlake,90091,80002,0,0,0,0,0,0,0,0,0,50010,50006,50006,50006,0,0
Biplab Samantray,90098,80006,0,0,0,0,50002,50006,0,0,0,0,0,0,0,0,0
Bipul Sharma,90102,80006,0,0,50009,50009,50009,50009,0,50006,50006,50006,50006,0,0,0,0
BN Bharath,90712,80006,0,0,0,50010,0,0,0,0,0,0,0,0,0,0,0
Bodapati Sumanth,90092,80006,0,0,50002,0,0,0,0,0,0,0,0,0,0,0,0
Boyd Rankin,90713,80007,0,0,0,0,0,0,0,0,0,50009,0,0,0,0,0
Brad Haddin,90103,80002,0,0,0,50004,50004,50004,0,0,0,0,0,0,0,0,0
Brad Hodge,90104,80002,50004,50004,50004,50013,50001,50001,50001,0,0,0,0,0,0,0,0
Brad Hogg,90189,80002,0,0,0,0,50001,50001,0,50004,50004,0,0,0,0,0,0
Brendan Taylor,90714,80021,0,0,0,0,0,0,50006,0,0,0,0,0,0,0,0
Brendon McCullum,90097,80011,50004,50004,50004,50013,50004,50004,50003,50003,50012,50012,50010,0,0,0,0
Brett Geeves,90085,80002,50008,0,0,0,0,0,0,0,0,0,0,0,0,0,0
Brett Lee,90089,80002,50009,50009,50009,50004,50004,50004,0,0,0,0,0,0,0,0,0
Burt Cockley,90715,80002,0,50009,0,0,0,0,0,0,0,0,0,0,0,0,0
Callum Ferguson,90122,80002,0,0,0,50014,50014,0,0,0,0,0,0,0,0,0,0
Callum McLeod,90716,80014,0,0,0,0,0,0,0,0,50008,0,0,0,0,0,0
Cameron Delport,90717,80016,0,0,0,0,0,0,0,0,0,0,50004,0,0,0,0
Cameron White,90128,80002,50010,50010,50010,50002,50002,50006,0,0,0,0,0,0,0,0,0
Carlos Brathwaite,90130,80020,0,0,0,0,0,0,0,0,50008,50008,50006,50004,0,0,0
Chaitanya Bishnoi,90718,80006,0,0,0,0,0,0,0,0,0,0,50003,50003,0,50004,0
Chama Milind,90719,80006,0,0,0,0,0,0,50006,50006,50008,50008,0,50009,50009,50003,50010
Chamara Kapugedera,90126,80017,50003,0,0,0,0,0,0,0,0,0,0,0,0,0,0
Chamara Silva,90314,80017,50002,50002,0,0,0,0,0,0,0,0,0,0,0,0,0
Chamika Karunaratne,90720,80017,0,0,0,0,0,0,0,0,0,0,0,0,0,0,50004
Chaminda Vaas,90637,80017,50002,50002,50002,0,0,0,0,0,0,0,0,0,0,0,0
Chandan Madan,90111,80006,0,0,50005,50013,0,0,0,0,0,0,0,0,0,0,0
Chandrasekar Ganapathy,90110,80006,0,0,50003,0,0,0,0,0,0,0,0,0,0,0,0
Charl Langeveldt,90127,80016,0,50004,50004,50010,50010,0,0,0,0,0,0,0,0,0,0
Chentanya Nanda,90113,80006,0,50005,0,0,0,0,0,0,0,0,0,0,0,0,0
Chetan Sakariya,90114,80006,0,0,0,0,0,0,0,0,0,0,0,0,0,50001,50008
Cheteshwar Pujara,90117,80006,50004,50004,50004,50010,50010,50010,50009,0,0,0,0,0,0,50003,0
Chezhian Harinishanth,90721,80006,0,0,0,0,0,0,0,0,0,0,0,0,0,50003,50003
Chirag Jani,90722,80006,0,0,0,0,50004,0,0,0,0,0,0,0,0,0,0
Chirag Pathak,90723,80006,0,0,50004,0,0,0,0,0,0,0,0,0,0,0,0
Chirag Suri,90724,80018,0,0,0,0,0,0,0,0,0,50012,0,0,0,0,0
Chris Barnwell,90725,80020,0,0,0,0,0,50010,0,0,0,0,0,0,0,0,0
Chris Gayle,90118,80020,50004,50004,50004,50010,50010,50010,50010,50010,50010,50010,50009,50009,50009,50009,0
Chris Green,90123,80002,0,0,0,0,0,0,0,0,0,0,0,0,50004,0,0
Chris Jordan,90124,80004,0,0,0,0,0,0,0,0,50010,50006,50006,0,50009,50009,0
Chris Lynn,90116,80002,0,0,0,50002,50002,50006,50004,50004,50004,50004,50004,50004,50005,50005,0
Chris Morris,90119,80016,0,0,0,0,0,50003,0,50001,50008,50008,50008,50008,50010,50001,0
Chris Woakes,90131,80004,0,0,0,0,0,0,0,0,0,50004,50010,0,50008,50008,0
Clint McKay,90125,80002,0,0,0,50005,50005,50006,0,0,0,0,0,0,0,0,0
CM Gautam,90129,80006,0,50010,50010,50010,50010,50008,50005,50008,0,0,0,0,0,0,0
Colin de Grandhomme,90109,80011,0,0,0,0,0,0,0,0,0,50004,50010,50010,0,0,0
Colin Ingram,90115,80016,0,0,0,50008,50008,0,0,0,0,0,0,50008,0,0,0
Colin Munro,90112,80011,0,0,0,0,0,0,0,50005,50004,0,50008,50008,0,0,0
Corey Anderson,90120,80011,0,0,0,0,0,0,50005,50005,50005,50008,50010,0,0,0,0
Dale Steyn,90177,80016,50010,50010,50010,50002,50002,50006,50006,50006,50012,0,0,50010,50010,0,0
Damien Martyn,90169,80002,0,0,50001,0,0,0,0,0,0,0,0,0,0,0,0
Daniel Christian,90175,80002,0,0,0,50002,50002,50010,0,0,0,50015,50008,0,0,50010,0
Daniel Harris,90150,80002,0,0,0,0,50002,0,0,0,0,0,0,0,0,0,0
Daniel Sams,90170,80002,0,0,0,0,0,0,0,0,0,0,0,0,50008,50010,50005
Daniel Vettori,90162,80011,50008,50008,50008,50010,50010,50010,0,0,0,0,0,0,0,0,0
D'Arcy Short,90160,80002,0,0,0,0,0,0,0,0,0,0,50001,0,0,0,0
Darren Bravo,90163,80020,0,0,0,0,50002,0,0,0,0,50004,0,0,0,0,0
Darren Lehmann,90174,80002,50001,0,0,0,0,0,0,0,0,0,0,0,0,0,0
Darren Sammy,90159,80020,0,0,0,0,0,50006,50006,50010,0,50009,0,0,0,0,0
Darshan Nalkande,90147,80006,0,0,0,0,0,0,0,0,0,0,0,50009,50009,50009,50007
Daryl Mitchell,90155,80011,0,0,0,0,0,0,0,0,0,0,0,0,0,0,50001
David Hussey,90152,80002,50004,50004,50004,50009,50009,50009,50003,0,0,0,0,0,0,0,0
David Miller,90141,80016,0,0,0,50009,50009,50009,50009,50009,50009,50009,50009,50009,50001,50001,50007
David Warner,90142,80002,0,50008,50008,50008,50008,50008,50006,50006,50006,50006,50006,50006,50006,50006,50008
David Wiese,90140,80016,0,0,0,0,0,0,0,50010,50010,0,0,0,0,0,0
David Willey,90158,80004,0,0,0,0,0,0,0,0,0,0,50003,50003,0,0,0
Davy Jacobs,90153,80016,0,0,0,50005,50005,0,0,0,0,0,0,0,0,0,0
Dawid Malan,90154,80004,0,0,0,0,0,0,0,0,0,0,0,0,0,50009,0
Dawlat Zadran,90726,80001,0,0,0,0,0,0,0,0,50008,0,0,0,0,0,0
Debabrata Das,90144,80006,50004,0,0,0,50004,50004,50004,0,0,0,0,0,0,0,0
Deepak Chahar,90161,80006,0,0,0,50001,50001,50006,0,0,50015,50015,50003,50003,50003,50003,50003
Deepak Chougule,90727,80006,0,0,0,50013,0,0,0,0,0,0,0,0,0,0,0
Deepak Hooda,90151,80006,0,0,0,0,0,0,50001,50001,50006,50006,50006,50006,50009,50009,50011
Deepak Punia,90728,80006,0,0,0,0,0,0,0,0,50005,50005,0,0,0,0,0
Devdutt Padikkal,90137,80006,0,0,0,0,0,0,0,0,0,0,0,50010,50010,50010,50001
Devraj Patil,90176,80006,50010,50010,0,0,0,0,0,0,0,0,0,0,0,0,0
Dhawal Kulkarni,90173,80006,50005,50005,50005,50005,50005,50005,50001,50001,50012,50012,50001,50001,50005,50005,50006
Dheeraj Jadhav,90729,80006,0,0,0,50014,50014,50014,0,0,0,0,0,0,0,0,0
Dhruv Jurel,90730,80006,0,0,0,0,0,0,0,0,0,0,0,0,0,0,50001
Dhruv Shorey,90171,80006,0,0,0,0,0,0,0,0,0,0,50003,50003,0,0,0
Digvijay Deshmukh,90731,80006,0,0,0,0,0,0,0,0,0,0,0,0,50005,0,0
Dilhara Fernando,90132,80017,50005,50005,50005,50005,0,0,0,0,0,0,0,0,0,0,0
Dillon du Preez,90135,80016,0,50010,50010,0,0,0,0,0,0,0,0,0,0,0,0
Dimitri Mascarenhas,90039,80004,50001,50001,50001,50009,50009,50009,0,0,0,0,0,0,0,0,0
Dinesh Chandimal,90732,80017,0,0,0,0,50001,0,0,0,50006,50006,0,0,0,0,0
Dinesh Karthik,90281,80006,50008,50008,50008,50009,50005,50005,50008,50010,50012,50012,50004,50004,50004,50004,50010
Dinesh Salunkhe,90139,80006,50001,50001,0,50001,0,0,0,50001,0,0,0,0,0,0,0
Dirk Nannes,90166,80002,0,50008,50008,50010,50010,50003,0,0,0,0,0,0,0,0,0
Dishant Yagnik,90148,80006,0,0,0,50001,50001,50001,50001,50001,0,0,0,0,0,0,0
Doddapaneni Kalyankrishna,90136,80006,50002,50002,0,0,0,0,0,0,0,0,0,0,0,0,0
Dominic Drakes,90733,80020,0,0,0,0,0,0,0,0,0,0,0,0,0,50003,50007
Dominic Thornley,90734,80002,50005,0,0,0,0,0,0,0,0,0,0,0,0,0,0
Domnic Muthuswami,90156,80006,0,0,0,0,0,0,0,50008,0,0,0,0,0,0,0
Donald Tiripano,90735,80021,0,0,0,0,0,0,0,0,50005,0,0,0,0,0,0
Doug Bollinger,90146,80002,0,0,50003,50003,50003,0,0,0,0,0,0,0,0,0,0
Doug Bracewell,90143,80011,0,0,0,0,50008,0,0,0,0,0,0,0,0,0,0
Duan Jansen,90736,80016,0,0,0,0,0,0,0,0,0,0,0,0,0,0,50010
Dushmantha Chameera,90437,80017,0,0,0,0,0,0,0,0,50008,50004,50001,0,0,50010,50011
Dwaraka Ravi Teja,90145,80006,50002,50002,50002,50002,50002,50006,0,0,0,0,0,0,0,0,0
Dwayne Bravo,90149,80020,50005,50005,50005,50003,50003,50003,50003,50003,50012,50012,50003,50003,50003,50003,50003
Dwayne Smith,90172,80020,50005,50002,50002,0,50005,50005,50003,50003,50012,50012,0,0,0,0,0
Ed Joyce,90737,80007,0,0,0,0,0,0,0,0,50010,0,0,0,0,0,0
Eklak Ahmid,90738,80006,0,0,50004,0,0,0,0,0,0,0,0,0,0,0,0
Eklavya Dwivedi,90180,80006,0,0,0,50014,50014,50014,0,50003,50012,50006,0,0,0,0,0
Eoin Morgan,90179,80004,0,50010,50010,50004,50004,50004,0,50006,50006,50009,0,0,50004,50004,0
Evin Lewis,90178,80020,0,0,0,0,0,0,0,0,0,0,50005,50005,0,50001,50011
Fabian Allen,90183,80020,0,0,0,0,0,0,0,0,0,0,0,0,50006,50009,50005
Faiz Fazal,90186,80006,50001,50001,50001,50001,50001,0,0,0,50006,50006,50006,50006,0,0,0
Farhaan Behardien,90181,80016,0,0,0,0,0,0,0,0,50009,0,0,0,0,0,0
Farveez Maharoof,90348,80017,50008,50008,50008,0,0,0,0,0,0,0,0,0,0,0,0
Fidel Edwards,90185,80020,50009,50002,50002,50014,50014,50001,0,0,0,0,0,0,0,0,0
Finn Allen,90739,80011,0,0,0,0,0,0,0,0,0,0,0,0,0,50010,50010
Francois du Plessis,90182,80016,0,0,0,50003,50003,50003,50003,50003,50015,50015,50003,50003,50003,50003,50010
G Periyasamy,90740,80006,0,0,0,0,0,0,0,0,0,0,0,0,0,50006,0
Gagandeep Singh,90188,80006,50009,0,0,0,0,0,0,0,0,0,0,0,0,0,0
Gajendra Singh,90741,80006,0,50001,0,0,0,0,0,0,0,0,0,0,0,0,0
Ganapathi Vignesh,90742,80006,0,0,50004,50003,50003,50006,0,0,0,0,0,0,0,0,0
Ganesh Gaikwad,90743,80006,0,0,0,50014,0,0,0,0,0,0,0,0,0,0,0
Gaurav Dhiman,90744,80006,50005,50010,0,0,0,0,0,0,0,0,0,0,0,0,0
Gautam Gambhir,90187,80006,50008,50008,50008,50004,50004,50004,50004,50004,50004,50004,50008,0,0,0,0
George Bailey,90196,80002,0,50003,50003,50003,50003,0,50009,50009,50015,0,0,0,0,0,0
George Dockrell,90745,80007,0,0,0,0,0,0,0,0,50004,0,0,0,0,0,0
George Garton,90195,80004,0,0,0,0,0,0,0,0,0,0,0,0,0,50010,0
Gerald Coetzee,90746,80016,0,0,0,0,0,0,0,0,0,0,0,0,0,50001,0
Glenn Maxwell,90197,80002,0,0,0,0,50008,50005,50009,50009,50009,50009,50008,0,50009,50010,50010
Glenn McGrath,90192,80002,50008,50008,0,0,0,0,0,0,0,0,0,0,0,0,0
Glenn Phillips,90193,80011,0,0,0,0,0,0,0,0,0,0,0,0,0,50001,50006
Gnaneswara Rao,90639,80006,0,0,0,50013,0,0,0,0,0,0,0,0,0,0,0
Graeme Smith,90190,80016,50001,50001,50001,50014,50014,50006,0,0,0,0,0,0,0,0,0
Graham Napier,90198,80004,0,50005,50005,0,0,0,0,0,0,0,0,0,0,0,0
Gulam Bodi,90747,80016,0,0,0,0,50008,50008,0,0,0,0,0,0,0,0,0
Gulbadin Naib,90748,80001,0,0,0,0,0,0,0,0,50009,0,0,0,0,0,0
Gurinder Sandhu,90199,80002,0,0,0,0,0,0,0,50008,0,0,0,0,0,0,0
Gurinder Singh,90749,80006,0,0,0,0,0,0,0,50009,0,0,0,0,0,0,50007
Gurkeerat Singh,90200,80006,0,0,0,0,50009,50009,50009,50009,50009,50009,50008,50010,50010,50004,50007
Halhadar Das,90201,80006,50002,50002,0,0,0,0,0,0,0,0,0,0,0,0,0
Hamid Hassan,90750,80001,0,0,0,0,0,0,0,0,50015,0,0,0,0,0,0
Hamilton Masakadza,90751,80021,0,0,0,0,0,0,0,0,50015,0,0,0,0,0,0
Hanuma Vihari,90194,80006,0,0,0,0,0,50006,0,50006,0,0,0,50008,50004,50001,50009
Harbhajan Singh,90203,80006,50005,50005,50005,50005,50005,50005,50005,50005,50005,50005,50003,50003,50003,50004,0
Hardik Pandya,90211,80006,0,0,0,0,0,0,0,50005,50005,50005,50005,50005,50005,50005,50007
Hardus Viljoen,90191,80016,0,0,0,0,0,0,0,0,0,0,0,50009,50009,50003,0
Harishankar Reddy,90752,80006,0,0,0,0,0,0,0,0,0,0,0,0,0,50003,50006
Harmeet Singh,90204,80006,0,50002,50002,50002,50009,50009,50001,0,0,0,0,0,0,0,0
Harpreet Brar,90205,80006,0,0,0,0,0,0,0,0,0,0,0,50009,50009,50009,50009
Harpreet Singh,90206,80006,0,0,50004,50014,50014,50014,0,0,0,50010,0,0,0,50008,0
Harry Gurney,90209,80004,0,0,0,0,0,0,0,0,0,0,0,50004,50004,0,0
Harshad Khadiwale,90753,80006,0,0,50004,50014,50014,50006,0,0,0,0,0,0,0,0,0
Harshal Patel,90214,80006,0,0,0,0,50010,50010,50010,50010,50010,50010,50008,50008,50008,50010,50010
Harvik Desai,90754,80006,0,0,0,0,0,0,0,0,0,0,50009,0,0,0,0
Haseeb Amjad,90755,80005,0,0,0,0,0,0,0,0,50010,0,0,0,0,0,0
Haseeb Hameed,90756,80004,0,0,0,0,0,0,0,0,0,0,0,0,0,50006,50007
Hashim Amla,90212,80016,0,0,0,0,0,0,0,0,50009,50009,0,0,0,0,0
Heinrich Klaasen,90202,80016,0,0,0,0,0,0,0,0,0,0,50001,50010,0,0,0
Hemang Badani,90757,80006,0,0,50003,0,0,0,0,0,0,0,0,0,0,0,0
Herschelle Gibbs,90210,80016,50002,50002,50002,0,50005,0,0,0,0,0,0,0,0,0,0
Himmat Singh,90758,80006,0,0,0,0,0,0,0,0,0,0,0,50010,0,50009,0
Hrithik Shokeen,90213,80006,0,0,0,0,0,0,0,0,0,0,0,0,0,0,50005
HS Sharath,90759,80006,0,0,0,0,0,0,50008,0,0,0,0,0,0,0,0
Imran Tahir,90221,80016,0,0,0,0,0,0,50008,50008,50008,50015,50003,50003,50003,50003,0
Imtiaz Ahmed,90760,80006,0,0,0,50014,0,50003,0,0,0,0,0,0,0,0,0
Iqbal Abdulla,90222,80006,50004,50004,50004,50004,50004,50004,50001,50010,50010,50010,0,0,0,0,0
Iresh Saxena,90761,80006,0,0,0,0,50004,0,0,0,0,0,0,0,0,0,0
Irfan Pathan,90220,80006,50009,50009,50009,50008,50008,50008,50006,50003,50015,50012,50005,50005,0,0,0
Ish Sodhi,90224,80011,0,0,0,0,0,0,0,0,50004,50004,50001,50001,50004,50004,50004
Ishan Kishan,90762,80006,0,0,0,0,0,0,0,0,50012,50012,50005,50005,50005,50005,50005
Ishan Malhotra,90215,80006,0,0,50005,50002,0,0,0,0,0,0,0,0,0,0,0
Ishan Porel,90219,80006,0,0,0,0,0,0,0,0,0,0,0,0,50009,50009,50009
Ishank Jaggi,90223,80006,0,50010,0,50002,50002,0,0,0,0,50004,50004,0,0,0,0
Ishant Sharma,90216,80006,50004,50004,50004,50002,50002,50006,50006,50006,50015,50009,0,50008,50008,50008,0
Ishwar Pandey,90218,80006,0,0,0,0,0,50014,50003,50003,50015,50015,0,0,0,0,0
Isuru Udana,90217,80017,0,0,0,0,0,0,0,0,0,0,0,0,50010,0,0
Jacob Oram,90240,80011,50003,50003,50003,50001,50001,50005,0,0,0,0,0,0,0,0,0
Jacques Kallis,90244,80016,50010,50010,50010,50004,50004,50004,50004,0,0,0,0,0,0,0,0
Jagadeesh Arunkumar,90226,80006,50010,50010,0,0,0,0,0,0,0,0,0,0,0,0,0
Jagadeesha Suchith,90228,80006,0,0,0,0,0,0,0,50005,50005,50005,0,50008,50009,50006,50006
Jalaj Saxena,90234,80006,0,0,0,0,0,50005,50005,50010,0,0,0,50008,0,50009,0
James Faulkner,90257,80002,0,0,0,50014,50009,50001,50001,50001,50012,50012,0,0,0,0,0
James Franklin,90243,80011,0,0,0,50005,50005,50005,0,0,0,0,0,0,0,0,0
James Hopes,90260,80002,50009,50009,50009,50008,50014,0,0,0,0,0,0,0,0,0,0
James Pattinson,90249,80002,0,0,0,50004,50004,50004,0,0,0,0,0,0,50005,0,0
Jamie Atkinson,90763,80005,0,0,0,0,0,0,0,0,50009,0,0,0,0,0,0
Jaskaran Singh,90235,80006,0,50002,50002,0,0,0,0,0,50015,50015,0,0,0,0,0
Jason Behrendorff,90255,80002,0,0,0,0,0,0,0,0,0,0,50005,50005,0,50003,50010
Jason Holder,90253,80020,0,0,0,0,0,50003,50006,0,50004,0,0,0,50006,50006,50011
Jason Roy,90246,80004,0,0,0,0,0,0,0,0,0,50012,50008,0,50008,50006,50007
Jasprit Bumrah,90245,80006,0,0,0,0,0,50005,50005,50005,50005,50005,50005,50005,50005,50005,50005
Jatin Saxena,90764,80006,0,0,0,0,50009,50009,0,0,0,0,50001,0,0,0,0
Javed Khan,90765,80006,0,0,0,0,0,50005,0,0,0,0,0,0,0,0,0
Javon Searles,90258,80020,0,0,0,0,0,0,0,0,0,0,50004,0,0,0,0
Jayant Yadav,90231,80006,0,0,0,0,0,0,50008,50008,50008,50008,50008,50005,50005,50005,50007
Jayden Seales,90766,80020,0,0,0,0,0,0,0,0,0,0,0,0,0,50004,0
Jaydev Shah,90767,80006,50001,50005,0,50002,50005,0,0,0,50012,50012,0,0,0,0,0
Jaydev Unadkat,90239,80006,0,0,50004,50004,50004,50010,50008,50008,50004,50015,50001,50001,50001,50001,50005
Jeevan Mendis,90106,80017,0,0,0,0,0,50008,0,0,0,0,0,0,0,0,0
Jefferey Vandersay,90768,80017,0,0,0,0,0,0,0,0,50005,0,0,0,0,0,0
Jerome Taylor,90242,80020,0,50009,0,50014,0,0,0,0,50005,0,0,0,0,0,0
Jesse Ryder,90238,80011,0,50010,50010,50014,50014,50008,50005,50005,0,0,0,0,0,0,0
Jhye Richardson,90233,80002,0,0,0,0,0,0,0,0,0,0,0,0,0,50009,0
Jimmy Neesham,90241,80011,0,0,0,0,0,0,50008,50004,0,0,0,0,50009,50005,50001
Jitendra Patil,90769,80006,0,50010,0,0,0,0,0,0,0,0,0,0,0,0,0
Jitesh Sharma,90252,80006,0,0,0,0,0,0,0,0,50005,50005,0,0,0,0,50009
Joe Denly,90248,80004,0,0,0,0,0,0,0,0,0,0,0,50004,0,0,0
Joel Paris,90770,80002,0,0,0,0,0,0,0,0,50008,0,0,0,0,0,0
Jofra Archer,90236,80004,0,0,0,0,0,0,0,0,0,0,50001,50001,50001,50001,50005
Joginder Sharma,90254,80006,50003,50003,50003,50003,50003,0,0,0,0,0,0,0,0,0,0
Joginder Singh,90771,80006,0,0,50008,0,0,0,0,0,0,0,0,0,0,0,0
Johan Botha,90227,80016,0,50001,50001,50001,50001,50008,50004,0,0,0,0,0,0,0,0
Johan van der Wath,90247,80016,0,0,0,50010,0,0,0,0,0,0,0,0,0,0,0
John Hastings,90262,80002,0,0,0,50013,0,0,50003,0,50004,0,0,0,0,0,0
Johnson Charles,90772,80020,0,0,0,0,0,0,0,0,50012,0,0,0,0,0,0
Jonathan Vandiar,90773,80016,0,0,0,50010,0,0,0,0,0,0,0,0,0,0,0
Jonny Bairstow,90250,80004,0,0,0,0,0,0,0,0,0,0,0,50006,50006,50006,50009
Jos Buttler,90237,80004,0,0,0,0,0,0,0,0,50005,50005,50001,50001,50001,50001,50001
Josh Davey,90774,80014,0,0,0,0,0,0,0,0,50015,50004,0,0,0,0,0
Josh Hazlewood,90259,80002,0,0,0,0,0,0,50005,50005,0,0,0,0,50003,50003,50010
Josh Inglis,90775,80002,0,0,0,0,0,0,0,0,0,0,0,0,0,50003,0
Josh Philippe,90261,80002,0,0,0,0,0,0,0,0,0,0,0,0,50010,50010,0
JP Duminy,90256,80016,0,50005,50005,50002,50002,50006,50008,50008,50008,50008,50005,50010,0,0,0
Junior Dala,90121,80016,0,0,0,0,0,0,0,0,0,0,50008,0,0,0,0
Justin Kemp,90251,80016,0,0,50003,0,0,0,0,0,0,0,0,0,0,0,0
Justin Langer,90776,80002,50001,50001,0,0,0,0,0,0,0,0,0,0,0,0,0
K. Bhagath Varma,90777,80006,0,0,0,0,0,0,0,0,0,0,0,0,0,50003,50003
Kagiso Rabada,90267,80016,0,0,0,0,0,0,0,0,0,50008,50008,50008,50008,50008,50009
Kamlesh Nagarkoti,90287,80006,0,0,0,0,0,0,0,0,0,0,50004,50004,50004,50004,50008
Kamran Akmal,90274,80013,50001,0,0,0,0,0,0,0,0,0,0,0,0,0,0
Kamran Khan,90275,80006,0,50001,50001,50014,50014,50006,0,0,0,0,0,0,0,0,0
Kane Richardson,90301,80002,0,0,0,0,0,50014,50001,50001,50010,0,0,0,50010,50010,0
Kane Williamson,90298,80011,0,0,0,0,0,0,0,50006,50006,50006,50006,50006,50006,50006,50006
Kanishk Seth,90778,80006,0,0,0,0,0,0,0,0,0,0,50003,0,0,0,0
Karan Goel,90263,80006,50009,50009,50009,0,0,0,0,0,0,0,0,0,0,0,0
Karan Sharma,90297,80006,0,0,0,0,0,0,0,0,0,0,0,0,0,50001,50011
Karanveer Singh,90276,80006,0,0,0,0,0,0,50009,50009,0,0,0,0,0,50003,0
Karim Sadiq,90779,80001,0,0,0,0,0,0,0,0,0,50009,0,0,0,0,0
Karn Kaushal,90780,80006,0,0,0,0,0,0,0,0,0,0,0,50006,0,0,0
Karn Sharma,90300,80006,0,50010,50010,0,0,50006,50006,50006,50006,50005,50003,50003,50003,50003,50010
Kartik Tyagi,90277,80006,0,0,0,0,0,0,0,0,0,0,0,0,50001,50001,50006
Karun Nair,90286,80006,0,0,0,0,50010,50010,50001,50001,50008,50008,50009,50009,50009,50004,50001
KB Arun Karthik,90781,80006,50003,50003,50003,50010,50010,50010,0,0,0,0,0,0,0,0,0
KC Cariappa,90279,80006,0,0,0,0,0,0,0,50004,50009,50009,0,50004,0,50001,50001
Kedar Devdhar,90782,80006,0,0,0,50002,50002,0,0,0,0,0,0,0,0,50001,0
Kedar Jadhav,90290,80006,0,50010,50008,50013,50008,50008,50008,50008,50010,50010,50003,50003,50003,50006,0
Keemo Paul,90291,80020,0,0,0,0,0,0,0,0,0,0,0,50008,50008,0,0
Kemar Roach,90273,80020,0,50002,50002,0,0,0,0,0,0,0,0,0,0,0,0
Kevin O'Brien,90783,80007,0,0,0,0,0,0,0,0,50008,0,0,0,0,0,0
Kevin Pietersen,90294,80004,0,50010,50010,50002,50008,50008,50008,50006,50015,0,0,0,0,0,0
Kevon Cooper,90285,80020,0,0,0,0,50001,50001,50001,0,0,0,0,0,0,0,0
Khaleel Ahmed,90284,80006,0,0,0,0,0,0,0,0,50008,50008,50006,50006,50006,50006,50008
Khawar Ali,90362,80012,0,0,0,0,0,0,0,0,50012,0,0,0,0,0,0
Kieron Pollard,90272,80020,0,0,50005,50005,50005,50005,50005,50005,50005,50005,50005,50005,50005,50005,50005
Kinchit Shah,90784,80005,0,0,0,0,0,0,0,0,0,50004,0,0,0,0,0
Kishore Kamath,90785,80006,0,0,0,0,0,0,0,0,50005,0,0,0,0,0,0
KK Jiyas,90786,80006,0,0,0,0,0,0,0,50008,0,0,0,0,0,0,0
KL Rahul,90288,80006,0,0,0,0,0,50010,50006,50006,50010,50010,50009,50009,50009,50009,50011
KM Asif,90289,80006,0,0,0,0,0,0,0,0,0,0,50003,50003,50003,50003,50003
KP Appanna,90293,80006,50010,50010,50010,0,50010,50010,0,0,0,0,0,0,0,0,0
Krishmar Santokie,90268,80020,0,0,0,0,0,0,50005,0,0,0,0,0,0,0,0
Krishnakant Upadhyay,90269,80006,0,0,0,0,50014,50014,0,0,0,0,0,0,0,0,0
Krishnan Shrijith,90787,80006,0,0,0,0,0,0,0,0,0,0,0,0,0,50010,0
Krishnappa Gowtham,90264,80006,0,0,0,0,0,0,0,0,0,50005,50001,50001,50009,50003,50011
Krunal Pandya,90282,80006,0,0,0,0,0,0,0,0,50005,50005,50005,50005,50005,50005,50011
Kshitiz Sharma,90788,80006,0,0,0,0,0,0,0,50009,0,0,50003,0,0,0,0
Kuldeep Raval,90789,80006,0,0,0,0,50008,0,0,0,0,0,0,0,0,0,0
Kuldeep Sen,90295,80006,0,0,0,0,0,0,0,0,0,0,0,0,50001,50001,50001
Kuldeep Yadav,90270,80006,0,0,0,0,50005,0,50004,50004,50004,50004,50004,50004,50004,50004,50008
Kuldip Yadav,90790,80006,0,0,0,0,0,0,0,0,0,0,0,0,0,50001,50001
Kulwant Khejroliya,90266,80006,0,0,0,0,0,0,0,0,0,50005,50010,50010,0,50008,50007
Kumar Boresa,90791,80006,0,0,0,0,0,50001,0,0,0,0,0,0,0,0,0
Kumar Kartikeya Singh,90265,80006,0,0,0,0,0,0,0,0,0,0,0,0,0,0,50005
Kumar Sangakkara,90280,80017,50009,50009,50009,50002,50002,50006,0,0,0,0,0,0,0,0,0
Kusal Perera,90346,80017,0,0,0,0,0,50001,0,0,0,0,0,0,0,0,0
Kuthethurshri Vasudevadas,90792,80006,0,0,0,50003,50003,0,0,0,0,0,0,0,0,0,0
Kyle Abbott,90283,80016,0,0,0,0,50009,0,0,50003,50009,0,0,0,0,0,0
Kyle Jamieson,90271,80011,0,0,0,0,0,0,0,0,0,0,0,0,0,50010,0
Kyle Mayers,90793,80020,0,0,0,0,0,0,0,0,0,0,0,0,0,0,50011
Kyle Mills,90794,80011,50009,50005,50005,0,0,0,0,0,0,0,0,0,0,0,0
Lakshmipathy Balaji,90303,80006,50003,50003,50003,50004,50004,50004,50009,0,0,0,0,0,0,0,0
Lalit Yadav,90308,80006,0,0,0,0,0,0,0,0,0,50004,0,0,50008,50008,50008
Lasith Malinga,90552,80017,50005,50005,50005,50005,50005,50005,50005,50005,50005,50005,0,50005,50005,0,0
Laxmi Ratan Shukla,90315,80006,50004,50004,50004,50004,50004,50004,50008,50006,0,0,0,0,0,0,0
Lee Carseldine,90306,80002,0,50001,0,0,0,0,0,0,0,0,0,0,0,0,0
Lendl Simmons,90313,80020,0,0,0,0,0,0,50005,50005,50005,50005,0,0,0,0,0
Liam Livingstone,90317,80004,0,0,0,0,0,0,0,0,0,0,0,50001,0,50001,50009
Liam Plunkett,90309,80004,0,0,0,0,0,0,0,0,0,0,50008,0,0,0,0
Lockie Ferguson,90310,80011,0,0,0,0,0,0,0,0,0,50015,0,50004,50004,50004,50007
Loots Bosman,90795,80016,50005,0,0,0,0,0,0,0,0,0,0,0,0,0,0
Love Ablish,90302,80006,0,0,50009,50009,50009,0,0,0,0,0,0,0,0,0,0
Luke Pomersbach,90307,80002,50009,50009,50009,50010,50010,50009,0,0,0,0,0,0,0,0,0
Luke Ronchi,90305,80011,50005,50005,0,0,0,0,0,0,0,0,0,0,0,0,0
Luke Wright,90312,80004,0,0,0,0,50014,50014,0,0,0,0,0,0,0,0,0
Lukman Hussain Meriwala,90311,80006,0,0,0,0,0,0,0,0,0,0,0,0,0,50008,0
Lungi Ngidi,90304,80016,0,0,0,0,0,0,0,0,0,0,50003,50003,50003,50003,50008
Luvnith Sisodia,90796,80006,0,0,0,0,0,0,0,0,0,0,0,0,0,0,50010
M. D. Nidheesh,90797,80006,0,0,0,0,0,0,0,0,0,0,50005,0,0,0,0
Maheesh Theekshana,90333,80017,0,0,0,0,0,0,0,0,0,0,0,0,0,0,50003
Mahela Jayawardene,90168,80017,50009,50009,50009,50013,50008,50008,0,0,0,0,0,0,0,0,0
Mahendra Singh Dhoni,90378,80006,50003,50003,50003,50003,50003,50003,50003,50003,50015,50015,50003,50003,50003,50003,50003
Mahesh Rawat,90331,80006,50001,50001,0,0,0,50014,0,0,0,0,0,0,0,0,0
Mahipal Lomror,90358,80006,0,0,0,0,0,0,0,0,0,0,50001,50001,50001,50001,50010
Mahmudullah Riyad,90798,80003,0,0,0,0,0,0,0,0,50010,50005,0,0,0,0,0
Makhaya Ntini,90328,80016,50003,50003,50003,0,0,0,0,0,0,0,0,0,0,0,0
Manan Sharma,90799,80006,0,0,0,0,0,0,0,0,50004,0,0,0,0,0,0
Manan Vohra,90335,80006,0,0,0,50009,50009,50009,50009,50009,50009,50009,50010,50001,50001,50001,50011
Mandeep Singh,90340,80006,0,0,50004,50009,50009,50009,50009,50010,50010,50010,50010,50009,50009,50009,50008
Manimaran Siddharth,90800,80006,0,0,0,0,0,0,0,0,0,0,0,0,50004,50008,50010
Manish Pandey,90359,80006,50005,50010,50010,50014,50014,50014,50004,50004,50004,50004,50006,50006,50006,50006,50011
Manjot Kalra,90801,80006,0,0,0,0,0,0,0,0,0,0,50008,50008,50009,0,0
Manoj Tiwary,90360,80006,50008,50008,50004,50004,50004,50004,50008,50008,0,50015,50009,0,0,0,0
Manpreet Gony,90379,80006,50003,50003,50003,50002,50002,50009,0,0,0,50012,0,0,0,0,0
Manpreet Juneja,90344,80006,0,0,0,0,50008,50008,50006,50009,50005,50005,50005,50005,50001,0,0
Manvinder Bisla,90377,80006,0,50002,50009,50004,50004,50004,50004,50010,50015,50015,0,0,0,0,0
Manzoor Dar,90802,80006,0,0,0,0,0,0,0,0,0,0,50009,0,0,0,0
Marchant de Lange,90319,80016,0,0,0,0,50004,50004,50005,50005,50005,0,0,0,0,0,0
Marco Jansen,90320,80016,0,0,0,0,0,0,0,0,0,0,0,0,0,50005,50006
Marcus Stoinis,90375,80002,0,0,0,0,0,0,0,50008,50009,50009,50009,50010,50008,50008,50011
Mark Boucher,90384,80016,50010,50010,50010,50004,0,0,0,0,0,0,0,0,0,0,0
Mark Chapman,90803,80005,0,0,0,0,0,0,0,0,50008,50009,0,0,0,50003,0
Mark Watt,90804,80014,0,0,0,0,0,0,0,0,50012,0,0,0,0,0,0
Mark Wood,90339,80004,0,0,0,0,0,0,0,0,0,0,50003,0,0,0,50011
Marlon Samuels,90365,80020,0,0,0,0,50014,50014,0,0,0,50008,0,0,0,0,0
Martin Guptill,90353,80011,0,0,0,0,0,0,0,0,50005,50009,0,50006,0,0,0
Mashrafe Mortaza,90341,80003,0,50004,0,0,0,0,0,0,0,0,0,0,0,0,0
Matheesha Pathirana,90329,80017,0,0,0,0,0,0,0,0,0,0,0,0,0,0,50003
Matt Henry,90354,80011,0,0,0,0,0,0,50003,50003,0,50009,0,0,0,50001,0
Matt Machan,90805,80014,0,0,0,0,0,0,0,0,50010,0,0,0,0,0,0
Matthew Cross,90806,80014,0,0,0,0,0,0,0,0,0,50009,0,0,0,0,0
Matthew Hayden,90361,80002,50003,50003,50003,0,0,0,0,0,0,0,0,0,0,0,0
Matthew Kelly,90807,80002,0,0,0,0,0,0,0,0,0,0,0,50004,0,0,0
Matthew Wade,90380,80002,0,0,0,50008,0,0,0,0,0,0,0,0,0,0,50007
Max O'Dowd,90808,80010,0,0,0,0,0,0,0,0,0,50005,0,0,0,0,0
Mayank Agarwal,90336,80006,0,0,0,50010,50010,50010,50008,50008,50008,50015,50009,50009,50009,50009,50009
Mayank Dagar,90809,80006,0,0,0,0,0,0,0,0,0,0,50009,0,0,0,0
Mayank Markande,90325,80006,0,0,0,0,0,0,0,0,0,0,50005,50005,50001,50001,50005
Mayank Tehlan,90810,80006,50008,0,0,0,0,0,0,0,0,0,0,0,0,0,0
Mayank Yadav,90811,80006,0,0,0,0,0,0,0,0,0,0,0,0,0,0,50011
Mehdi Hasan,90812,80006,0,0,0,0,0,0,0,0,0,0,50006,0,0,0,0
Mehran Khan,90813,80012,0,0,0,0,0,0,0,0,50005,0,0,0,0,0,0
Michael Clarke,90352,80002,0,0,0,0,50014,50014,0,0,0,0,0,0,0,0,0
Michael Klinger,90323,80002,0,0,0,50013,0,0,0,0,0,0,0,0,0,0,0
Michael Lumb,90355,80004,0,0,50001,50002,50002,50014,0,0,0,0,0,0,0,0,0
Michael Neser,90350,80002,0,0,0,0,0,50009,0,0,0,0,0,0,0,0,0
Mike Hussey,90347,80002,50003,50003,50003,50003,50003,50003,50005,50003,0,0,0,0,0,0,0
Milind Kumar,90814,80006,0,0,0,0,0,0,50008,0,0,0,0,50010,0,0,0
Milind Tandon,90815,80006,0,0,0,0,0,0,0,0,0,50015,0,0,0,0,0
Milinda Siriwardana,90816,80017,0,0,0,0,0,0,0,0,50015,0,0,0,0,0,0
Misbah-ul-Haq,90351,80013,50010,0,0,0,0,0,0,0,0,0,0,0,0,0,0
Mitchell Johnson,90349,80002,0,0,0,0,50005,50005,50009,50009,50009,50005,50004,0,0,0,0
Mitchell Marsh,90376,80002,0,50002,50002,50014,50014,50014,0,0,50015,50015,0,0,50006,50006,50008
Mitchell McClenaghan,90356,80011,0,0,0,0,0,0,0,50005,50005,50005,50005,50005,50005,0,0
Mitchell Santner,90357,80011,0,0,0,0,0,0,0,0,50015,50015,50003,50003,50003,50003,50003
Mitchell Starc,90338,80002,0,0,0,0,0,0,50010,50010,50010,0,50004,0,0,0,0
Mithun Manhas,90324,80006,50008,50008,50008,50014,50014,50014,50003,50003,0,0,0,0,0,0,0
Moeen Ali,90817,80004,0,0,0,0,0,0,0,0,0,0,50010,50010,50010,50003,50003
Mohammad Ashraful,90367,80003,0,50005,0,0,0,0,0,0,0,0,0,0,0,0,0
Mohammad Asif,90368,80013,50008,0,0,0,0,0,0,0,0,0,0,0,0,0,0
Mohammad Hafeez,90369,80013,50004,0,0,0,0,0,0,0,0,0,0,0,0,0,0
Mohammad Kaif,90321,80006,50001,50001,50009,50010,50010,0,0,0,0,0,0,0,0,0,0
Mohammad Nabi,90370,80001,0,0,0,0,0,0,0,0,0,50006,50006,50006,50006,50006,50004
Mohammad Shahzad,90818,80001,0,0,0,0,0,0,0,0,50012,0,0,0,0,0,0
Mohammed Arif,90819,80006,0,50001,0,0,0,0,0,0,0,0,0,0,0,0,0
Mohammed Arshad Khan,90820,80006,0,0,0,0,0,0,0,0,0,0,0,0,0,0,50005
Mohammed Azharuddeen,90821,80006,0,0,0,0,0,0,0,0,0,0,0,0,0,50010,0
Mohammed Shami,90371,80006,0,0,0,50004,50004,50004,50008,50008,50008,50008,50008,50009,50009,50009,50007
Mohammed Siraj,90372,80006,0,0,0,0,0,0,0,0,0,50006,50010,50010,50010,50010,50010
Mohit Sharma,90364,80006,0,0,0,0,0,50003,50003,50003,50009,50009,50009,50003,50008,50004,0
Mohnish Mishra,90345,80006,50002,0,50002,50014,50014,50014,0,0,0,0,0,0,0,0,0
Mohsin Khan,90373,80006,0,0,0,0,0,0,0,0,0,0,50005,0,50005,50005,50011
Moises Henriques,90343,80002,0,50004,50008,50005,0,50010,50006,50006,50006,50006,0,50009,0,50009,0
Monu Kumar,90374,80006,0,0,0,0,0,0,0,0,0,0,50003,50003,50003,50009,0
Morne Morkel,90326,80016,50001,50001,50001,50008,50008,50008,50004,50004,50004,0,0,0,0,0,0
Morné van Wyk,90366,80016,0,50004,0,0,0,0,0,0,0,0,0,0,0,0,0
Mudassar Bukhari,90822,80010,0,0,0,0,0,0,0,0,50012,0,0,0,0,0,0
Mujeeb Ur Rahman,90381,80001,0,0,0,0,0,0,0,0,0,0,50009,50009,50009,50006,50005
Munaf Patel,90363,80006,50001,50001,50001,50005,50005,50005,0,0,0,50012,50006,0,0,0,0
Munis Ansari,90823,80012,0,0,0,0,0,0,0,0,50006,0,0,0,0,0,0
Murali Kartik,90322,80006,50004,50004,50004,50014,50014,50010,50009,0,0,0,0,0,0,0,0
Murali Vijay,90334,80006,0,50003,50003,50003,50003,50003,50008,50009,50009,50009,50003,50003,50003,50010,0
Murugan Ashwin,90318,80006,0,0,0,0,0,0,0,0,50015,50008,50010,50009,50009,50009,50005
Musavir Khote,90337,80006,50005,0,0,0,0,0,0,0,0,0,0,0,0,0,0
Mustafizur Rahman,90383,80003,0,0,0,0,0,0,0,0,50006,50006,50005,0,0,50001,50008
Muttiah Muralitharan,90327,80017,50003,50003,50003,50013,50010,50010,50010,0,0,0,0,0,0,0,0
Nadeem Ahmed,90824,80005,0,0,0,0,0,0,0,0,50012,0,0,0,0,0,0
Najibullah Zadran,90825,80001,0,0,0,0,0,0,0,0,0,50005,0,0,0,0,0
Naman Ojha,90400,80006,0,50001,50001,50008,50008,50008,50006,50006,50006,50006,50008,50009,50010,0,0
Napoleon Einstein,90826,80006,50003,50003,0,0,0,0,0,0,0,0,0,0,0,0,0
Narayan Jagadeesan,90385,80006,0,0,0,0,0,0,0,0,0,0,50003,50003,50003,50003,50003
Nathan Bracken,90827,80002,50010,50010,0,0,0,0,0,0,0,0,0,0,0,0,0
Nathan Coulter-Nile,90397,80002,0,0,0,0,0,50005,50008,50008,50008,50004,50010,50010,50005,50005,50001
Nathan Ellis,90399,80002,0,0,0,0,0,0,0,0,0,0,0,0,0,50009,50009
Nathan McCullum,90395,80011,0,0,0,50014,50014,50006,0,0,0,0,0,0,0,0,0
Nathan Rimmington,90393,80002,0,0,0,50009,50009,0,0,0,0,0,0,0,0,0,0
Nathu Singh,90390,80006,0,0,0,0,0,0,0,0,50005,50012,0,50008,0,0,0
Navdeep Saini,90388,80006,0,0,0,0,0,0,0,0,0,50008,50010,50010,50010,50010,50001
Nayan Doshi,90391,80006,0,0,50010,50001,50014,50014,0,0,0,0,0,0,0,50003,0
Neravanda Aiyappa,90828,80006,50010,0,0,0,0,0,0,0,0,0,0,0,0,0,0
Niall O'Brien,90829,80007,0,0,0,0,0,0,0,0,50009,0,0,0,0,0,0
Nic Maddinson,90392,80002,0,0,0,0,0,0,50010,50010,0,0,0,0,0,0,0
Nicholas Pooran,90386,80020,0,0,0,0,0,0,0,0,0,50005,0,50009,50009,50009,50006
Nikhil Naik,90830,80006,0,0,0,0,0,0,0,50009,50009,50009,0,50004,50004,0,0
Niraj Patel,90394,80006,50001,50001,0,0,0,0,0,0,0,0,0,0,0,0,0
Nitin Saini,90831,80006,50009,0,0,50009,50009,50009,0,0,0,0,0,0,0,0,0
Nitish Rana,90387,80006,0,0,0,0,0,0,0,50005,50005,50005,50004,50004,50004,50004,50004
Nizakat Khan,90832,80005,0,0,0,0,0,0,0,0,50006,0,0,0,0,0,0
Noor Ahmad,90833,80001,0,0,0,0,0,0,0,0,0,0,0,0,0,0,50007
Noor Ali Zadran,90834,80001,0,0,0,0,0,0,0,0,50015,0,0,0,0,0,0
Nuwan Kulasekara,90292,80017,0,0,0,50003,50003,50003,0,0,0,0,0,0,0,0,0
Nuwan Pradeep,90835,80017,0,0,0,50010,0,0,0,0,0,0,0,0,0,0,0
Nuwan Zoysa,90164,80017,50002,50002,0,0,0,0,0,0,0,0,0,0,0,0,0
Obed McCoy,90403,80020,0,0,0,0,0,0,0,0,0,0,0,0,0,0,50001
Odean Smith,90404,80020,0,0,0,0,0,0,0,0,0,0,0,0,0,0,50009
Oshane Thomas,90401,80020,0,0,0,0,0,0,0,0,0,0,0,50001,50001,50001,0
Owais Shah,90402,80004,0,50008,50004,50013,50001,50001,0,50006,50006,0,0,0,0,0,0
Padmanabhan Prasanth,90413,80006,0,0,0,50013,0,50006,0,50006,0,0,0,0,0,0,0
Paidikalva Vijaykumar,90167,80006,50002,50002,0,0,0,0,0,0,0,0,0,0,0,0,0
Palani Amarnath,90405,80006,50003,50003,0,0,0,0,0,0,0,0,0,0,0,0,0
Pankaj Dharmani,90836,80006,50009,0,0,0,0,0,0,0,0,0,0,0,0,0,0
Pankaj Jaiswal,90837,80006,0,0,0,0,0,0,0,0,0,0,0,50005,0,0,50006
Pankaj Singh,90420,80006,50001,50010,50010,50001,50001,50010,0,0,0,0,0,0,0,0,0
Parag More,90838,80006,50001,50001,0,0,0,0,0,0,0,0,0,0,0,0,0
Paras Dogra,90408,80006,0,50001,0,50009,50009,0,0,0,50012,0,0,0,0,0,0
Pardeep Sahu,90415,80006,0,0,0,0,0,0,0,50001,50009,50009,50009,0,0,0,0
Parthiv Patel,90418,80006,50003,50003,50003,50013,50002,50006,50010,50005,50005,50005,50010,50010,50010,0,0
Parvez Rasool,90421,80006,0,0,0,0,0,50014,50006,50006,50010,0,0,0,0,50009,0
Parvinder Awana,90406,80006,0,0,50008,0,50009,50009,50009,50009,0,0,0,0,0,0,0
Pat Cummins,90426,80002,0,0,0,0,0,0,50004,50004,0,50008,50005,0,50004,50004,50004
Paul Collingwood,90424,80004,0,50008,50008,50001,50001,0,0,0,0,0,0,0,0,0,0
Paul Valthaty,90423,80006,0,50001,0,50009,50009,50009,50010,50010,0,0,0,0,0,0,0
Paul Van Meekeren,90839,80010,0,0,0,0,0,0,0,0,50005,0,0,0,0,0,0
Pavan Deshpande,90840,80006,0,0,0,0,0,0,0,0,0,0,50010,0,50010,50010,0
Pawan Negi,90411,80006,0,0,0,0,50008,50008,50003,50003,50008,50010,50010,50010,50010,50004,50006
Pawan Suyal,90417,80006,0,0,0,50005,50005,50005,50005,50005,50008,0,0,0,0,50001,0
Peter Handscomb,90435,80002,0,0,0,0,0,0,0,0,50015,0,0,0,0,0,0
Phillip Hughes,90841,80002,0,0,0,0,0,50005,0,0,0,0,0,0,0,0,0
Pieter Seelaar,90842,80010,0,0,0,0,0,0,0,0,0,50009,0,0,0,0,0
Pinal Shah,90434,80006,50005,50005,50005,50001,50001,50009,0,0,0,0,0,0,0,0,0
Piyush Chawla,90431,80006,50009,50009,50009,50009,50009,50009,50004,50004,50004,50004,50004,50004,50003,50005,0
PM Sarvesh Kumar,90429,80006,50002,50002,0,0,0,0,0,0,0,0,0,0,0,0,0
Prabhsimran Singh,90416,80006,0,0,0,0,0,0,0,0,0,0,0,50009,50009,50009,50009
Pradeep Sangwan,90427,80006,50008,50008,50008,50004,50004,50004,0,0,50012,50012,50005,0,0,0,50007
Pragyan Ojha,90432,80006,50002,50002,50002,50002,50005,50005,50005,50005,0,0,0,0,0,0,0
Prasanth Parameswaran,90412,80006,0,0,0,50013,50010,50010,50006,0,0,0,0,0,0,0,0
Prashant Chopra,90407,80006,0,0,0,0,0,0,0,0,0,0,50001,50001,0,50009,0
Prashant Naik,90398,80006,0,0,0,50008,50008,0,0,0,0,0,0,0,0,0,0
Prashant Solanki,90425,80006,0,0,0,0,0,0,0,0,0,0,0,0,0,0,50003
Prasidh Krishna,90330,80006,0,0,0,0,0,0,0,0,0,0,50004,50004,50004,50004,50001
Pratham Singh,90843,80006,0,0,0,0,0,0,0,0,0,50012,0,0,0,0,50004
Pratyush Singh,90844,80006,0,0,0,0,0,0,0,50003,50008,50008,50009,0,0,50001,50006
Praveen Dubey,90409,80006,0,0,0,0,0,0,0,0,50010,50010,0,0,50008,50008,0
Praveen Kumar,90410,80006,50010,50010,50010,50009,50009,50009,50005,50006,50012,50012,50003,0,0,0,0
Pravin Tambe,90436,80006,0,0,0,0,0,50001,50001,50001,50012,50006,0,0,50004,0,0
Prayas Ray Barman,90414,80006,0,0,0,0,0,0,0,0,0,0,0,50010,0,0,0
Prerak Mankad,90430,80006,0,0,0,0,0,0,0,0,0,0,0,0,0,50010,50009
Preston Mommsen,90845,80014,0,0,0,0,0,0,0,0,50009,0,0,0,0,0,0
Prince Balwant Rai Singh,90846,80006,0,0,0,0,0,0,0,0,0,0,0,0,50005,0,0
Prithvi Raj,90641,80006,0,0,0,0,0,0,0,0,0,0,0,50004,50006,0,50005
Prithvi Shaw,90433,80006,0,0,0,0,0,0,0,0,0,0,50008,50008,50008,50008,50008
Priyam Garg,90428,80006,0,0,0,0,0,0,0,0,0,0,0,0,50006,50006,50006
Priyank Panchal,90847,80006,0,0,0,0,0,0,0,0,0,0,0,0,0,0,50007
Puneet Bisht,90848,80006,0,0,0,0,50008,50008,0,0,0,0,0,0,0,0,0
Pushkaraj Chavan,90849,80006,0,50001,0,0,0,0,0,0,0,0,0,0,0,0,0
Quinton de Kock,90439,80016,0,0,0,0,0,50006,50008,50008,50008,50008,50010,50005,50005,50005,50011
R. Karthikeyan,90850,80006,0,0,0,0,0,50003,0,0,0,0,0,0,0,0,0
R. P. Singh,90480,80006,50002,50002,50002,50013,50005,50010,0,0,50015,0,0,0,0,0,0
Rahil Shaikh,90460,80006,0,50005,0,0,0,0,0,0,0,0,0,0,0,0,0
Rahul Buddhi,90851,80006,0,0,0,0,0,0,0,0,0,0,0,0,0,0,50005
Rahul Chahar,90466,80006,0,0,0,0,0,0,0,0,0,50015,50005,50005,50005,50005,50009
Rahul Dravid,90444,80006,50010,50010,50010,50001,50001,50001,0,0,0,0,0,0,0,0,0
Rahul Sharma,90453,80006,0,0,50002,50014,50014,50014,50008,50003,0,0,0,50004,50004,50001,0
Rahul Shukla,90455,80006,0,0,50005,50005,50005,50001,50008,0,0,0,0,0,0,0,0
Rahul Tewatia,90456,80006,0,0,0,0,0,0,50001,50001,0,50009,50008,50008,50001,50001,50007
Rahul Tripathi,90461,80006,0,0,0,0,0,0,0,0,0,50015,50001,50001,50004,50004,50006
Raiphi Gomez,90492,80006,0,50001,50001,50013,50014,50014,0,0,0,0,0,0,0,0,0
Raj Angad Bawa,90458,80006,0,0,0,0,0,0,0,0,0,0,0,0,0,0,50009
Rajagopal Sathish,90452,80006,0,0,50005,50005,50009,50009,50003,50003,50004,50015,0,0,0,50010,0
Rajat Bhatia,90441,80006,50008,50008,50008,50004,50004,50004,50001,50001,50015,50015,0,0,0,0,0
Rajat Patidar,90477,80006,0,0,0,0,0,0,0,0,0,0,0,0,0,50010,50010
Rajesh Bishnoi,90852,80006,0,50010,0,0,0,0,0,0,0,0,0,0,0,0,0
Rajesh Pawar,90853,80006,50005,50005,50005,50008,0,0,0,0,0,0,0,0,0,0,0
Raju Bhatkal,90481,80006,0,50010,0,50010,50010,0,0,0,0,0,0,0,0,0,0
Rajvardhan Hangargekar,90854,80006,0,0,0,0,0,0,0,0,0,0,0,0,0,0,50003
Ramandeep Singh,90462,80006,0,0,0,0,0,0,0,0,0,0,0,0,0,50003,50005
Ramesh Kumar,90855,80006,0,0,0,0,0,0,0,0,0,0,0,0,0,0,50004
Ramesh Powar,90484,80006,50009,50009,50009,50013,50009,50009,0,0,0,0,0,0,0,0,0
Ramnaresh Sarwan,90487,80020,50009,0,0,0,0,0,0,0,0,0,0,0,0,0,0
Ranadeb Bose,90482,80006,50004,50009,50005,0,0,0,0,0,0,0,0,0,0,0,0
Rangana Herath,90856,80017,0,0,0,0,0,0,0,0,50004,0,0,0,0,0,0
Rangaraj Suthesh,90857,80006,0,50010,0,0,0,0,0,0,0,0,0,0,0,0,0
Rashid Khan,90463,80001,0,0,0,0,0,0,0,0,0,50006,50006,50006,50006,50006,50007
Rasikh Salam Dar,90464,80006,0,0,0,0,0,0,0,0,0,0,0,50005,0,0,50004
Ravi Bishnoi,90442,80006,0,0,0,0,0,0,0,0,0,0,0,0,50009,50009,50011
Ravi Bopara,90488,80004,0,50009,50009,0,0,0,0,50006,0,0,0,0,0,0,0
Ravi Inder Singh,90858,80006,0,0,0,0,0,0,0,50008,0,0,0,0,0,0,0
Ravi Rampaul,90449,80020,0,0,0,0,0,50010,50010,0,0,0,0,0,0,0,0
Ravichandran Ashwin,90440,80006,50003,50003,50003,50003,50003,50003,50003,50003,50015,50015,50009,50009,50008,50008,50001
Ravikant Shukla,90859,80006,0,50009,0,0,0,0,0,0,0,0,0,0,0,0,0
Ravikumar Samarth,90860,80006,0,0,0,0,0,0,0,0,0,0,50010,0,0,50001,50006
Ravindra Jadeja,90459,80006,50001,50001,0,50013,50003,50003,50003,50003,50012,50012,50003,50003,50003,50003,50003
Ravisrinivasan Sai Kishore,90450,80006,0,0,0,0,0,0,0,0,0,0,0,0,50003,50003,50007
Ray Price,90495,80021,0,0,0,50005,0,0,0,0,0,0,0,0,0,0,0
Reece Topley,90861,80004,0,0,0,0,0,0,0,0,50009,0,0,0,0,50001,0
Reetinder Singh Sodhi,90490,80006,0,0,50009,0,0,0,0,0,0,0,0,0,0,0,0
Richard Levi,90468,80016,0,0,0,0,50005,0,0,0,0,0,0,0,0,0,0
Richie Berrington,90862,80014,0,0,0,0,0,0,0,0,50005,0,0,0,0,0,0
Richmond Mutumbami,90863,80021,0,0,0,0,0,0,0,0,50012,0,0,0,0,0,0
Ricky Bhui,90475,80006,0,0,0,0,0,0,50006,50006,50006,50006,50006,50006,0,50003,0
Ricky Ponting,90491,80002,50004,50004,0,0,0,50005,0,0,0,0,0,0,0,0,0
Rilee Rossouw,90486,80016,0,0,0,50010,50010,50010,50010,50010,0,0,0,0,0,0,0
Riley Meredith,90479,80002,0,0,0,0,0,0,0,0,0,0,0,0,0,50009,50005
Rinku Singh,90476,80006,0,0,0,0,0,0,0,0,0,50009,50004,50004,50004,50004,50004
Ripal Patel,90493,80006,0,0,0,0,0,0,0,0,0,0,0,0,0,50008,50008
Rishabh Pant,90483,80006,0,0,0,0,0,0,0,0,50008,50008,50008,50008,50008,50008,50008
Rishi Dhawan,90443,80006,50009,0,0,0,0,50005,50009,50009,50009,50004,0,0,0,0,50009
Riyan Parag,90447,80006,0,0,0,0,0,0,0,0,0,0,0,50001,50001,50001,50001
RK Sabharwal,90864,80006,0,50010,0,0,0,0,0,0,0,0,0,0,0,0,0
Rob Quiney,90474,80002,0,50001,0,0,0,0,0,0,0,0,0,0,0,0,0
Robbie Frylinck,90865,80016,0,0,0,50008,0,0,0,0,0,0,0,0,0,0,0
Robin Bist,90866,80006,0,0,0,50008,50008,50008,0,0,0,0,0,0,0,0,0
Robin Peterson,90473,80016,0,0,0,0,50005,0,0,0,0,0,0,0,0,0,0
Robin Uthappa,90494,80006,50005,50010,50010,50014,50014,50014,50004,50004,50004,50004,50004,50004,50001,50003,50003
Roelof van der Merwe,90469,80016,0,50010,50010,50008,50008,50008,0,0,50015,0,50003,0,0,0,0
Rohan Banerjee,90867,80006,50004,50004,0,0,0,0,0,0,0,0,0,0,0,0,0
Rohan Gavaskar,90489,80006,0,0,50004,0,0,0,0,0,0,0,0,0,0,0,0
Rohan Raje,90485,80006,50005,50005,0,0,0,0,0,0,0,0,0,0,0,0,0
Rohit Sharma,90471,80006,50002,50002,50002,50005,50005,50005,50005,50005,50005,50005,50005,50005,50005,50005,50005
Ronit More,90470,80006,0,0,0,0,0,50003,50003,50003,0,0,0,0,0,0,0
Roosh Kalaria,90868,80006,0,0,0,0,0,0,0,50005,0,0,0,0,50008,50005,50006
Ross Taylor,90316,80011,50010,50010,50010,50001,50008,50014,50008,0,0,0,0,0,50009,50009,0
Rovman Powell,90448,80020,0,0,0,0,0,0,0,0,0,50004,0,0,0,0,0
Royston Dias,90869,80006,0,0,0,0,0,50008,0,0,0,0,0,0,0,0,0
Rusty Theron,90230,80016,0,50009,50009,50002,50002,0,0,50001,0,0,0,0,0,0,0
Ruturaj Gaikwad,90467,80006,0,0,0,0,0,0,0,0,0,0,0,50003,50003,50003,50003
Ryan Harris,90472,80002,0,50002,50002,50009,50009,50009,0,0,0,0,0,0,0,0,0
Ryan McLaren,90445,80016,0,50005,50005,50009,0,50004,0,0,0,0,0,0,0,0,0
Ryan Ninan,90446,80006,0,50009,0,50010,50010,0,0,0,0,0,0,0,0,0,0
Ryan ten Doeschate,90478,80010,0,0,0,50004,50004,50004,50004,50004,0,0,0,0,0,0,0
S. Thiagarajan,90870,80006,0,0,0,0,50010,0,0,0,0,0,0,0,0,0,0
Sabbir Rahman,90871,80003,0,0,0,0,0,0,0,0,50012,0,0,0,0,0,0
Sachin Baby,90522,80006,0,0,0,0,0,50001,0,0,0,50010,50006,0,0,50010,0
Sachin Rana,90511,80006,0,50004,0,50014,50014,50006,50010,0,0,0,0,0,0,0,0
Sachin Tendulkar,90568,80006,50005,50005,50005,50005,50005,50005,0,0,0,0,0,0,0,0,0
Sachithra Senanayake,90558,80017,0,0,0,0,0,50004,0,0,0,0,0,0,0,0,0
Safyaan Sharif,90872,80014,0,0,0,0,0,0,0,0,50006,0,0,0,0,0,0
Sagar Trivedi,90873,80006,0,0,0,0,0,0,0,50001,0,0,0,0,0,0,0
Sahil Kukreja,90874,80006,50009,50009,0,0,0,0,0,0,0,0,0,0,0,0,0
Sakibul Gani,90875,80006,0,0,0,0,0,0,0,0,0,0,0,0,0,0,50011
Salman Butt,90523,80013,50004,0,0,0,0,0,0,0,0,0,0,0,0,0,0
Sam Billings,90583,80004,0,0,0,0,0,0,0,0,50008,50008,50003,50003,0,50008,50004
Sam Curran,90554,80004,0,0,0,0,0,0,0,0,0,0,0,50009,50003,50003,0
Samad Fallah,90876,80006,0,0,0,50001,50001,50001,0,50004,0,0,0,0,0,0,0
Samiullah Shinwari,90877,80001,0,0,0,0,0,0,0,0,50004,0,0,0,0,0,0
Samuel Badree,90498,80020,0,0,0,0,50001,50001,50003,50003,50010,50010,0,0,0,0,0
Sanath Jayasuriya,90578,80017,50005,50005,50005,0,0,0,0,0,0,0,0,0,0,0,0
Sandeep Lamichhane,90507,80009,0,0,0,0,0,0,0,0,0,0,50008,50008,50008,50006,50006
Sandeep Sharma,90524,80006,0,0,0,0,50004,50009,50009,50009,50009,50009,50006,50006,50006,50006,50009
Sandeep Warrier,90513,80006,0,0,0,0,0,50010,50010,50010,0,0,0,50004,50004,50004,50009
Sanjay Bangar,90525,80006,50002,50004,50004,0,0,0,0,0,0,0,0,0,0,0,0
Sanjay Yadav,90451,80006,0,0,0,0,0,0,0,0,0,50004,0,0,50006,50001,50005
Sanju Samson,90582,80006,0,0,0,0,50004,50001,50001,50001,50008,50008,50001,50001,50001,50001,50001
Santosh Yadav,90878,80006,0,0,0,50005,0,0,0,0,0,0,0,0,0,0,0
Sarabjit Ladda,90506,80006,0,0,50008,50004,50004,50004,50009,50009,50012,0,0,0,0,0,0
Sarandeep Singh,90879,80006,0,0,50008,0,0,0,0,0,0,0,0,0,0,0,0
Sarfaraz Khan,90559,80006,0,0,0,0,0,0,0,50010,50010,50010,50010,50009,50009,50009,50008
Sarul Kanwar,90880,80006,0,0,0,50005,0,0,0,0,0,0,0,0,0,0,0
Saurabh Bandekar,90881,80006,0,50010,0,0,0,0,0,0,0,0,0,0,0,0,0
Saurabh Dubey,90882,80006,0,0,0,0,0,0,0,0,0,0,0,0,0,0,50006
Saurabh Kumar,90883,80006,0,0,0,0,0,0,0,0,0,50015,0,0,0,50009,50001
Saurabh Tiwary,90577,80006,50005,50005,50005,50010,50010,50010,50008,50008,50015,50005,50005,0,50005,50005,50009
Saurasish Lahiri,90884,80006,50004,0,0,0,0,0,0,0,0,0,0,0,0,0,0
Sayan Ghosh,90885,80006,0,0,0,0,0,0,0,0,0,50004,50008,0,0,0,0
Sayan Mondal,90886,80006,0,0,0,0,0,0,50004,0,0,0,0,0,0,0,0
Scott Boland,90553,80002,0,0,0,0,0,0,0,0,50015,0,0,0,0,0,0
Scott Kuggeleijn,90531,80011,0,0,0,0,0,0,0,0,0,0,0,50003,0,0,0
Scott Styris,90528,80011,50002,50002,50002,50003,50003,0,0,0,0,0,0,0,0,0,0
Sean Abbott,90519,80002,0,0,0,0,0,0,0,50010,0,0,0,0,0,50009,50006
Sean Williams,90887,80021,0,0,0,0,0,0,0,0,50006,50005,0,0,0,0,0
Selvam Suresh Kumar,90888,80006,50003,50003,0,0,0,0,0,0,0,0,0,0,0,0,0
Shadab Jakati,90526,80006,50003,50003,50003,50003,50003,50003,50010,0,50012,50012,0,0,0,0,0
Shahbaz Ahmed,90537,80006,0,0,0,0,0,0,0,0,0,0,0,0,50010,50010,50010
Shahbaz Nadeem,90509,80006,0,0,0,50008,50008,50008,50008,50008,50008,50008,50008,50006,50006,50006,50011
Shahid Afridi,90538,80013,50002,0,0,0,0,0,0,0,0,0,0,0,0,0,0
Shahrukh Khan,90332,80006,0,0,0,0,0,0,0,0,0,0,0,0,50010,50009,50009
Shakib Al Hasan,90539,80003,0,0,0,50004,50004,50004,50004,50004,50004,50004,50006,50006,0,50004,0
Shalabh Srivastava,90548,80006,0,0,50009,50009,50009,0,0,0,0,0,0,0,0,0,0
Shams Mulani,90889,80006,0,0,0,0,0,0,0,0,0,0,0,0,0,50008,50005
Shane Bond,90534,80011,0,0,50004,0,0,0,0,0,0,0,0,0,0,0,0
Shane Warne,90551,80002,50001,50001,50001,50001,0,0,0,0,0,0,0,0,0,0,0
Shapoor Zadran,90890,80001,0,0,0,0,0,0,0,0,0,50004,0,0,0,0,0
Sharad Lumba,90891,80006,0,0,0,0,0,0,0,0,0,0,50005,0,0,0,0
Shardul Thakur,90560,80006,0,0,0,0,0,0,50009,50009,50009,50015,50003,50003,50003,50003,50008
Shashank Singh,90540,80006,0,0,0,0,0,0,0,0,0,50008,0,50001,50001,0,50006
Shashi Ranjan,90892,80006,0,0,50008,0,0,0,0,0,0,0,0,0,0,0,0
Shaun Marsh,90535,80002,50009,50009,50009,50009,50009,50009,50009,50009,50009,50009,0,0,0,50003,0
Shaun Pollock,90557,80016,50005,0,0,0,0,0,0,0,0,0,0,0,0,0,0
Shaun Tait,90584,80002,0,50001,50001,50001,50001,50001,0,0,50004,0,0,0,0,0,0
Sheldon Cottrell,90571,80020,0,0,0,0,0,0,0,0,0,0,0,0,50009,0,0
Sheldon Jackson,90565,80006,0,0,0,0,0,50010,0,50004,50004,50004,0,0,0,50004,50004
Shelley Shaurya,90893,80006,0,0,0,0,0,0,0,0,0,50012,0,0,0,0,0
Sherfane Rutherford,90536,80020,0,0,0,0,0,0,0,0,0,0,0,50008,50005,50006,50010
Shikhar Dhawan,90501,80006,50008,50005,50005,50002,50002,50006,50006,50006,50006,50006,50006,50008,50008,50008,50009
Shimron Hetmyer,90561,80020,0,0,0,0,0,0,0,0,0,0,0,50010,50008,50008,50001
Shishir Bhavane,90894,80006,0,0,0,0,0,0,0,50010,0,0,0,0,0,0,0
Shivam Dube,90502,80006,0,0,0,0,0,0,0,0,0,0,0,50010,50010,50001,50003
Shivam Mavi,90541,80006,0,0,0,0,0,0,0,0,0,0,50004,50004,50004,50004,50004
Shivam Sharma,90542,80006,0,0,0,0,0,0,50009,50009,0,0,0,0,0,0,0
Shivil Kaushik,90505,80006,0,0,0,0,0,0,0,0,50012,50012,0,0,0,0,0
Shivnarine Chanderpaul,90500,80020,50010,0,0,0,0,0,0,0,0,0,0,0,0,0,0
Shoaib Ahmed,90543,80006,0,50002,0,0,0,0,0,0,0,0,0,0,0,0,0
Shoaib Akhtar,90544,80013,50004,0,0,0,0,0,0,0,0,0,0,0,0,0,0
Shoaib Malik,90545,80013,50008,0,0,0,0,0,0,0,0,0,0,0,0,0,0
Shoaib Shaikh,90576,80006,0,50004,0,0,0,0,0,0,0,0,0,0,0,0,0
Shreevats Goswami,90564,80006,50010,50010,50010,50004,50001,50001,0,0,0,0,50006,50006,50006,50006,0
Shreyas Gopal,90503,80006,0,0,0,0,0,0,50005,50005,50005,50005,50001,50001,50001,50001,50006
Shreyas Iyer,90572,80006,0,0,0,0,0,0,0,50008,50008,50008,50008,50008,50008,50008,50004
Shrideep Mangela,90895,80006,0,50001,0,0,0,0,0,0,0,0,0,0,0,0,0
Shrikant Mundhe,90573,80006,0,0,0,50014,0,0,0,0,0,0,0,50004,0,0,0
Shrikant Wagh,90529,80006,0,0,50001,50014,50014,50014,0,0,0,0,0,0,0,0,0
Shubham Agarwal,90570,80006,0,0,0,0,0,0,0,0,0,50012,0,0,0,0,0
Shubham Garhwal,90896,80006,0,0,0,0,0,0,0,0,0,0,0,0,0,0,50001
Shubham Ranjane,90897,80006,0,0,0,0,0,0,0,0,0,0,0,50001,0,,0
Shubham Sharma,90898,80006,0,0,0,0,0,0,0,0,0,0,0,0,0,0,50006
Shubman Gill,90546,80006,0,0,0,0,0,0,0,0,0,0,50004,50004,50004,50004,50007
Siddarth Kaul,90504,80006,50004,50004,0,0,0,50008,50008,50006,50006,50006,50006,50006,50006,50006,50010
Siddharth Chitnis,90532,80006,50005,50001,0,50009,50009,50009,0,0,0,0,0,0,0,0,0
Siddharth Trivedi,90550,80006,50001,50001,50001,50001,50001,50001,0,0,0,0,0,0,0,0,0
Siddhesh Lad,90533,80006,0,0,0,0,0,0,0,50005,50005,50005,50005,50005,50004,50001,0
Sikandar Raza,90899,80021,0,0,0,0,0,0,0,0,50009,0,0,0,0,0,0
Simarjeet Singh,90547,80006,0,0,0,0,0,0,0,0,0,0,0,0,0,50005,50003
Simon Katich,90556,80002,50009,50009,50009,0,0,0,0,0,0,0,0,0,0,0,0
Smit Patel,90900,80006,0,0,0,0,0,0,0,0,0,0,50009,0,0,0,0
Sneha Kishore,90901,80006,0,0,0,0,50002,0,0,0,0,0,0,0,0,0,0
Sohail Tanvir,90562,80013,50001,0,0,0,0,0,0,0,0,0,0,0,0,0,0
Sourav Ganguly,90530,80006,50004,50004,50004,50014,50014,0,0,0,0,0,0,0,0,0,0
Sreenath Aravind,90497,80006,0,50010,0,50010,50010,50010,0,50010,50010,50010,0,0,0,0,0
Sreesanth,90515,80006,50009,50009,50009,50013,50001,50001,0,0,0,0,0,0,0,50003,0
Sridharan Sriram,90516,80006,0,0,50010,50008,0,0,0,0,0,0,0,0,0,0,0
Srikar Bharat,90296,80006,0,0,0,0,0,0,0,50008,0,0,0,50009,0,50010,50008
Stephen Fleming,90563,80011,50003,0,0,0,0,0,0,0,0,0,0,0,0,0,0
Stephen Myburgh,90902,80010,0,0,0,0,0,0,0,0,50009,0,0,0,0,0,0
Steve O'Keefe,90903,80002,0,0,0,50013,0,0,0,0,0,0,0,0,0,0,0
Steve Smith,90567,80002,0,0,50010,50013,50014,50014,50001,50001,50015,50015,50001,50001,50001,50008,50006
Stuart Binny,90579,80006,0,0,50005,50001,50001,50001,50001,50001,50010,50010,50001,50001,0,0,0
Stuart Broad,90904,80004,0,0,0,50009,50009,0,0,0,0,0,0,0,0,0,0
Subhranshu Senapati,90905,80006,0,0,0,0,0,0,0,0,0,0,0,0,0,0,50003
Subramaniam Badrinath,90499,80006,50003,50003,50003,50003,50003,50003,0,50010,0,0,0,0,0,0,0
Sudeep Tyagi,90517,80006,50003,50003,50003,50003,50003,50006,0,0,0,0,0,0,0,0,0
Sudhesan Midhun,90508,80006,0,0,0,0,0,0,0,0,0,0,50001,50001,0,50003,0
Sujit Nayak,90906,80006,0,0,0,0,50005,50008,0,50009,0,0,0,0,50001,50001,0
Sultan Ahmed,90907,80012,0,0,0,0,0,0,0,0,0,50004,0,0,0,0,0
Sumit Khatri,90908,80006,50001,0,0,0,0,0,0,0,0,0,0,0,0,0,0
Sumit Narwal,90510,80006,50008,50008,50008,50001,50001,50004,0,50004,0,0,0,0,0,0,0
Sunil Joshi,90527,80006,50010,50010,0,0,0,0,0,0,0,0,0,0,0,0,0
Sunil Narine,90566,80020,0,0,0,0,50004,50004,50004,50004,50004,50004,50004,50004,50004,50004,50004
Sunny Gupta,90580,80006,0,0,0,0,50008,50008,0,0,0,0,0,0,0,0,0
Sunny Singh,90581,80006,0,0,0,50009,50009,50009,0,0,0,0,0,0,0,0,0
Sunny Sohal,90514,80006,50009,50009,0,50002,50002,50010,0,0,0,0,0,0,0,0,0
Suraj Randiv,90512,80017,0,0,0,50003,50003,50009,0,0,0,0,0,0,0,0,0
Suresh Raina,90549,80006,50003,50003,50003,50003,50003,50003,50003,50003,50012,50012,50003,50003,50003,50003,0
Suryakumar Yadav,90521,80006,0,0,0,50005,50005,50005,50004,50004,50004,50004,50005,50005,50005,50005,50005
Sushant Marathe,90909,80006,0,0,0,50013,50005,50005,50005,0,0,0,0,0,0,0,0
Sushant Mishra,90910,80006,0,0,0,0,0,0,0,0,0,0,0,0,0,0,50006
Suyash Prabhudessai,90574,80006,0,0,0,0,0,0,0,0,0,0,0,0,0,50010,50010
Swapnil Asnodkar,90520,80006,50001,50001,50001,50001,0,0,0,0,0,0,0,0,0,0,0
Swapnil Singh,90585,80006,50005,0,0,0,0,0,0,0,50009,50009,0,0,0,0,0
Syed Mohammed,90229,80006,0,0,0,50010,50010,50010,0,0,0,0,0,0,0,0,0
Syed Quadri,90911,80006,0,0,50001,0,50002,0,0,0,0,0,0,0,0,0,0
Syed Shahabuddin,90912,80006,0,0,50005,0,0,0,0,0,0,0,0,0,0,0,0
T Natarajan,90589,80006,0,0,0,0,0,0,0,0,0,50009,50006,50006,50006,50006,50006
Tabraiz Shamsi,90590,80016,0,0,0,0,0,0,0,0,50010,50010,0,0,0,50001,0
Tajinder Singh,90913,80006,0,0,0,0,0,0,0,0,0,0,50005,0,50009,50001,0
Tamim Iqbal,90914,80003,0,0,0,0,50014,50014,0,0,0,0,0,0,0,0,0
Tanmay Agarwal,90915,80006,0,0,0,0,0,0,0,0,0,50006,0,0,0,50001,50005
Tanmay Mishra,90916,80008,0,0,0,0,50002,0,50010,0,0,0,0,0,0,0,0
Tanmay Srivastava,90605,80006,50009,50009,50009,50013,50002,0,0,0,0,0,0,0,0,0,0
Tanwir Afzal,90917,80005,0,0,0,0,0,0,0,0,50015,0,0,0,0,0,0
Taruwar Kohli,90588,80006,50001,50009,50009,0,0,0,0,0,0,0,0,0,0,0,0
Tatenda Taibu,90592,80021,50004,0,0,0,0,0,0,0,0,0,0,0,0,0,0
Tejas Baroka,90596,80006,0,0,0,0,0,0,0,0,0,50012,0,0,0,50008,50001
Tejashwi Yadav,90918,80006,50008,50008,0,50008,50008,0,0,0,0,0,0,0,0,0,0
Tekkami Atchuta Rao,90919,80006,0,0,0,0,50002,0,0,0,0,0,0,0,0,0,0
Tendai Chatara,90920,80021,0,0,0,0,0,0,0,0,50008,0,0,0,0,0,0
Thalaivan Sargunam,90638,80006,0,0,0,0,0,50006,0,0,0,0,0,0,0,0,0
Thilan Thushara,90593,80017,0,50003,50003,0,0,0,0,0,0,0,0,0,0,0,0
Thisara Perera,90396,80017,0,0,50003,50013,50005,50006,50009,50009,50015,0,0,0,0,50001,0
Tilak Varma,90599,80006,0,0,0,0,0,0,0,0,0,0,0,0,0,0,50005
Tillakaratne Dilshan,90603,80017,50008,50008,50008,50010,50010,50010,0,0,0,0,0,0,0,0,0
Tim David,90598,80015,0,0,0,0,0,0,0,0,0,0,0,0,0,50010,50005
Tim Murtagh,90921,80007,0,0,0,0,0,0,0,0,50005,0,0,0,0,0,0
Tim Paine,90595,80002,0,0,0,50014,0,0,0,0,0,0,0,0,0,0,0
Tim Southee,90597,80011,0,0,0,50003,0,0,50001,50001,50005,50005,50010,50010,0,50004,50004
Timm van der Gugten,90922,80010,0,0,0,0,0,0,0,0,0,50004,0,0,0,0,0
Tinashe Panyangara,90923,80021,0,0,0,0,0,0,0,0,50004,0,0,0,0,0,0
Tinu Yohannan,90924,80006,0,50010,0,0,0,0,0,0,0,0,0,0,0,0,0
Tirumalasetti Suman,90602,80006,0,50002,50002,50005,50005,50014,0,0,50006,0,0,0,0,0,0
Tom Banton,90586,80004,0,0,0,0,0,0,0,0,0,0,0,0,50004,0,0
Tom Cooper,90925,80010,0,0,0,0,0,0,0,0,50004,0,0,0,0,0,0
Tom Curran,90600,80004,0,0,0,0,0,0,0,0,0,0,50004,0,50001,50008,0
TP Sudhindra,90606,80006,0,0,0,0,50002,0,0,0,0,0,0,0,0,0,0
Travis Birt,90607,80002,0,0,0,50008,50008,0,0,0,0,0,0,0,0,0,0
Travis Head,90604,80002,0,0,0,0,0,0,0,50008,50010,50010,0,0,0,0,0
Trent Boult,90594,80011,0,0,0,0,0,0,0,50006,50006,50004,50008,50008,50005,50005,50001
Tushar Deshpande,90609,80006,0,0,0,0,0,0,0,0,0,0,0,0,50008,50005,50003
Tymal Mills,90608,80004,0,0,0,0,0,0,0,0,0,50010,0,0,0,0,50005
Tyron Henderson,90587,80016,0,50001,0,0,0,0,0,0,0,0,0,0,0,0,0
Uday Kaul,90610,80006,50009,50009,0,0,0,0,0,0,0,0,0,0,0,50005,0
Udit Birla,90611,80006,0,0,0,0,0,50014,0,0,0,0,0,0,0,0,0
Udit Patel,90926,80006,0,50010,0,0,0,0,0,0,0,0,0,0,0,0,0
Umang Sharma,90927,80006,0,0,0,0,0,0,0,0,50012,0,0,0,0,0,0
Umar Gul,90613,80013,50004,0,0,0,0,0,0,0,0,0,0,0,0,0,0
Umar Nazir Mir,90928,80006,0,0,0,0,0,0,0,0,0,0,50009,0,0,0,0
Umesh Yadav,90616,80006,0,50008,50008,50008,50008,50008,50004,50004,50004,50004,50010,50010,50010,50008,50004
Umran Malik,90614,80006,0,0,0,0,0,0,0,0,0,0,0,0,0,50006,50006
Unmukt Chand,90612,80006,0,0,0,50008,50008,50008,50001,50005,50005,0,0,0,0,0,0
Usman Ghani,90929,80001,0,0,0,0,0,0,0,0,50005,0,0,0,0,0,50008
Usman Khawaja,90615,80002,0,0,0,0,0,0,0,0,50015,50015,0,0,0,0,0
Utkarsh Singh,90930,80006,0,0,0,0,0,0,0,0,0,0,0,0,0,50009,50011
V. R. V. Singh,90627,80006,50009,50009,50009,0,0,0,0,0,0,0,0,0,0,0,0
V.V.S. Laxman,90630,80006,50002,50002,50002,50013,0,0,0,0,0,0,0,0,0,0,0
Vaibhav Arora,90621,80006,0,0,0,0,0,0,0,0,0,0,0,0,50010,50004,50009
Vaibhav Rawal,90931,80006,0,0,0,0,0,0,0,50004,0,0,0,0,0,0,0
Varun Aaron,90625,80006,0,0,50004,50008,50008,50008,50010,50010,50010,50009,0,50001,50001,0,50007
Varun Chakravarthy,90133,80006,0,0,0,0,0,0,0,0,0,0,0,50009,50004,50004,50004
Veer Pratap Singh,90618,80006,0,0,0,0,50002,50006,50004,50004,0,0,0,0,0,50008,0
Venkatesh Iyer,90626,80006,0,0,0,0,0,0,0,0,0,0,0,0,0,50004,50004
Vicky Ostwal,90932,80006,0,0,0,0,0,0,0,0,0,0,0,0,0,0,50008
Vidyut Sivaramakrishnan,90518,80006,50003,50003,50003,0,0,0,0,0,0,0,0,0,0,0,0
Vijay Shankar,90620,80006,0,0,0,0,0,50003,50003,0,50006,50006,50008,50006,50006,50006,50007
Vijay Zol,90622,80006,0,0,0,0,50010,50010,50010,50010,0,0,0,0,0,0,0
Vikas Mishra,90933,80006,0,0,0,50008,50008,50009,0,0,0,0,0,0,0,0,0
Vikas Tokas,90934,80006,0,0,0,0,0,0,0,0,50010,0,0,0,0,0,0
Vikramjeet Malik,90628,80006,0,50009,50009,50009,50009,50001,50001,50001,50010,50012,0,0,0,0,0
Vikrant Yeligati,90629,80006,50005,0,0,0,0,0,0,0,0,0,0,0,0,0,0
Vinay Kumar,90457,80006,50010,50010,50010,50013,50010,50010,50004,50005,50005,50005,50004,50008,50008,0,0
Viraj Kadbe,90935,80006,50003,50003,0,0,0,0,0,0,0,0,0,0,0,0,0
Virat Kohli,90617,80006,50010,50010,50010,50010,50010,50010,50010,50010,50010,50010,50010,50010,50010,50010,50010
Virat Singh,90623,80006,0,0,0,0,0,0,0,0,0,0,0,0,50006,50006,0
Virender Sehwag,90619,80006,50008,50008,50008,50008,50008,50008,50009,50009,0,0,0,0,0,0,0
Vishnu Vinod,90624,80006,0,0,0,0,0,0,0,0,0,50010,0,0,0,50008,50006
Vivek Yadav,90936,80006,0,0,0,50008,0,0,0,0,0,0,0,0,0,0,0
Vusi Sibanda,90937,80021,0,0,0,0,0,0,0,0,50010,50008,0,0,0,0,0
Wanindu Hasaranga,90438,80017,0,0,0,0,0,0,0,0,0,0,0,0,0,50010,50010
Washington Sundar,90634,80006,0,0,0,0,0,0,0,0,0,50015,50010,50010,50010,50010,50006
Wasim Jaffer,90632,80006,50010,50010,0,0,0,0,0,0,0,0,0,0,0,0,0
Wayne Parnell,90635,80016,0,50008,50008,50014,50014,50014,50008,0,0,0,0,0,0,0,0
Wesley Barresi,90938,80010,0,0,0,0,0,0,0,0,50010,0,0,0,0,0,0
Wilkin Mota,90633,80006,50009,50009,0,0,0,0,0,0,0,0,0,0,0,0,0
William Porterfield,90939,80007,0,0,0,0,0,0,0,0,50012,0,0,0,0,0,0
Wriddhiman Saha,90636,80006,50004,50004,50004,50003,50003,50003,50009,50009,50009,50009,50006,50006,50006,50006,50007
Writtick Chatterjee,90940,80006,0,0,0,0,0,0,0,0,0,0,0,0,0,0,50009
Yalaka Venugopal Rao,90941,80006,50002,50002,50002,50008,50008,50008,50006,50004,50004,50004,50009,0,0,0,0
Yash Dayal,90644,80006,0,0,0,0,0,0,0,0,0,0,0,0,0,0,50007
Yash Dhull,90942,80006,0,0,0,0,0,0,0,0,0,0,0,0,0,0,50008
Yash Thakur,90943,80006,0,0,0,0,0,0,0,0,0,0,0,0,0,0,50010
Yashasvi Jaiswal,90646,80006,0,0,0,0,0,0,0,0,0,0,0,0,50001,50001,50001
Yashpal Singh,90645,80006,50004,50004,0,50013,0,0,0,0,0,0,0,0,0,0,0
Yo Mahesh,90631,80006,50008,50008,50008,50003,50003,50006,50006,0,0,0,0,0,0,0,0
Yogesh Golwalkar,90944,80006,0,0,0,0,0,0,0,50009,0,0,0,0,0,0,0
Yogesh Nagar,90640,80006,50008,50008,50008,50008,50008,50008,0,0,0,0,0,0,0,0,0
Yogesh Takawale,90651,80006,50005,50005,0,0,50005,0,50010,50010,0,0,0,0,0,0,0
Younis Khan,90648,80013,50001,0,0,0,0,0,0,0,0,0,0,0,0,0,0
Yudhvir Charak,90945,80006,0,0,0,0,0,0,0,0,0,0,0,0,50010,50005,0
Yusuf Abdulla,90643,80016,0,50009,50009,0,0,0,0,0,0,0,0,0,0,0,0
Yusuf Pathan,90647,80006,50001,50001,50001,50004,50004,50004,50004,50004,50004,50004,50006,50006,50008,0,0
Yuvraj Singh,90650,80006,50009,50009,50009,50014,50014,50014,50010,50008,50006,50006,50009,50005,0,0,0
Yuzvendra Chahal,90649,80006,0,0,0,50005,50005,50005,50010,50010,50010,50010,50010,50010,50010,50010,50001
Zafir Patel,90946,80006,0,0,0,0,50008,0,0,0,0,0,0,0,0,0,0
Zaheer Khan,90652,80006,50010,50005,50005,50010,50010,50010,50005,50008,50008,50008,0,0,0,0,0
Zahir Khan,90947,80001,0,0,0,0,0,0,0,0,0,0,50001,0,0,0,0
Zeeshan Maqsood,90948,80012,0,0,0,0,0,0,0,0,50010,50009,0,0,0,0,0
